gold_label,sentence1_jeju,sentence2_jeju,ai_answer,result
entailment,"޽Ǽ ʱ ü¡ 纻 , ü 98.9, ɹڼ 73ȸ,  121/90, ȣ 15ȸ, ǳ    ȭ 98% Լ.",ȯ  ´  Ͽ.,,
contradiction,"޽Ǽ ó 纻 üȣ ü 98.9, ɹڼ 73ȸ,  121/90, ȣ 15ȸ, 뿡 ¼ ȭ 98%.",ȯ  ° Ҿְ.,,
neutral,"޽ǰ ó  ü ȣ ü 98.9, ɹڼ 73ȸ,  121/90, ȣ 15ȸ,   ¼  ȭ 98%.",ȯڰ   ּ.,,
entailment,"  ں     ȸ  ޾Ұ, ϰ ˾     ӵ    η.",ȯڴ  ָȾְ.,,
contradiction,"  ڶ, ݷ׷̶ ˾ ŷµ ְ     ȸ  ޾ƺ  ּ, ٷ   ָȼ.",ȯڴ  .,,
neutral,"  ڽŵ, ݷ׷̶ ˾  ִ ȯڶ     ȸ  ޾ӽ  ּ, ֱٿ  ڵ  Ǿ.",ȯڿ ū ģ  .,,
entailment,ȯڴ   ׷ 1 索   Ϻ ξ ּٰԳ ̹ Ƴ׼  ̽   ãƿԼ.,ȯڴ ν ġ ް ּ.,,
contradiction,"ȯڴ   ε,  索    ȯ ΰ ּ, ƳԼ  ̽   Լ.",ȯ   ̿.,,
neutral," ȯ ŷ, ȯں 1 索   Ϻ  54 ׷, Լ ִ  ̽   ͼ.",ȯڴ 索 Ű溴 ΰ ּ.,,
entailment,": [**ȯ **] 33 6  系ַ ֵ  °ΰ 2749 6 23  3 7п ڰ    ¿,   34, ӽ 1,  0,  ڽ   ڿ, [**Name (NI) 2016**] [**2749-8-5**].",ȯڴ  ֵ   ̿.,,
contradiction,": [**ȯ **] ӽ 33 6Ͽ   Ʊ ֵ  ° [**2749-6-23**]  3 7п ġ ¾, ӽߵ  34 G1, Ķ 0̴,  Ʊ      Ұ  [**̸ (NI) 2016**] [**2749-8-5**].",ȯڴ ̿.,,
neutral,": [**ȯ **] ӽ 33 6 系̷ ֵ  °, [**2749-6-23**]  03:07 ڰ  ڱ ͺη,   34̿, ӽ  , ػ  ̿, ̽ó ڽ   ڿ, [**Name (NI) 2016**] [**2749-8-5**].",ȯڴ ü .,,
entailment,"  ̶ , ޽ ٰ ߼.",״ Ӹ   .,,
contradiction," 縧 Ӹ̳ ؽ , ƴϹ ޽ؽ Ÿ    ܼ.",״  Ϲ Ͽ.,,
neutral,"  ̳ , ƴϹ  ޾  ٰ ߼.",״  .,,
entailment," Ƿ ̷ ν ġ  2 索, ĵ , Ű , [**2948**]⿡      ݸ Coumadin ġ x, ڱá   㿩γ ,  ,    , 󵿸ƺ  [**9-/2953**]⿡ 󵿸 ȸ ̽ļ ϰ  䵿Ƽ  ϰ,  Ƽ obtuse marginal 1,  絿Ƽ ڷ   ̽ ٿ.",ȯڴ   Ƿ   ּ.,,
contradiction," Ƿ ̷ ν ġ ޾ӽ 2 索, ĵ ȯ, Ű , [**2948**]⿡     ݸ  Coumadin ġ ޾Ҽ, ڱ̶   ż(TAH/BSO),  ȯ,   , ׸ [**9-/2953**]⿡ 嵿 ȸ ̽ļ ޾ӽ 󵿸 ȯ ̽ŵ  䵿Ƽ  ϰ,   ̽ĺμ obtuse marginal number one,  絿Ƽ Ĺϰ ̽ĵƼ.",ȯڴ  .,,
neutral,"  ν ġ 㿴 2 索, ĵ  ȯ, Ű , [**2948**]⿡      ݸ( ġ  ּ), ڱ/ ü (TAH/BSO),   ȯ,   , ׶ [**9-/2953**]⿡  󵿸 ȸ ̽ ġ ޾Ҵ 󵿸 ȯ  䵿Ƽ    ,    ̽ obtuse marginal number one,  絿Ƽ ڷ   ̽ 㿴.",ȯڴ ̿.,,
entailment,"  ʱ QTc 410̾ٸ ̽ó 475. ʱ QRS 82̾ٸ ̽ó 86̱, ɹڼ 95.",ȯ EKG    Լ.,,
contradiction," , ʱ QTc 410ָ̿  475̿, ʱ QRS 82ָ̿  86̿, ɹڼ 95̿.",ȯ  ̿.,,
neutral," , ʱ QTc 410̴ ECG  475, ó QRS 82,  86 ư, ɹڼ 95.",ȯڴ  ΰ ּ.,,
entailment,"޽ǿ ͽ T97 ȯ  184/94, ƹ 92, ȣ 24 Լ, ǳ ⼱ ȭ 88%ָ NRB ũ ֹ 98% ö󰬼.",ȯڴ ޽ǿ  Ҽ.,,
contradiction,"ED Ϲ T 97, BP 184/94, HR 92, RR 24, RA ¼ 88%ٸ NRB ִ 98% öҷ.",޽ǿ ȯ ü ȣ   ̿.,,
neutral,"ED ͽŵ T 97, BP 184/94, HR 92, RR 24, RA 88%, NRB 98%.",ȯڴ COPD ξҴ  ּ.,,
entailment,"Ȱȭ κ񵿿 õ, ܼ 츣佺̷-1 [**2572**]",ȯڴ 츣佺 ̷  ɷȼ.,,
contradiction,"Ȱȭ κ񵿿 õ, ܼ츣佺̷ 1̿ [**2572**]",ȯڴ ̷   .,,
neutral,"ȰȭǾ κ񵿿 õ, ܼ 츣佺 ̷ 1 [**2572**]",ȯڴ  ֺ 츣佺  .,,
entailment,  : 2 索.,ȯڴ 2 索 ΰ ּ.,,
contradiction,  2 索̿.,ȯڴ 1 索 ΰ ּ.,,
neutral, ξ  : 2 索 ּ.,ȯڴ ν ġ ް ּ.,,
entailment," 縧 ó  ޴  ָ,   ¦ ڱڱ Ͽ þ ּ.",       ּ.,,
contradiction," 縧 ó  ޴  ָ,     þ ּ.",״    ƴϷ .,,
neutral,"  ó  ޴  ָ,    Ͽ Ҿ ּ.",״ 󵿸 ȯ ּ.,,
entailment," ȯ,   Ҹ, տ  ٿμ ȯ    2  Լ,  õ ȯ  ū ASD  ġ ޾Ҽ,  ⼺/Ѽ ȯ      е ΰ ּ,  ġ ǵ ԰ ּ, ٽó  Ű   ּ.",ȯ  ˻   ʼ.,,
contradiction," ȯڴ   ڻ縧̳  ٿ ȯ  Ͽ   Ƿ ̷ ̽ð  2   ռ, õ  ȯ  ū ASD(ɹ߰ݰ) ־ָ  ġ ޾Ѱ,   ⼺Ѽ ȯ̶  ̶  е ξ  ſ  ȣ ,  ġ ְ ǵ  ռ.",ȯڴ   .,,
neutral," ȯ 68 ڿ,  ڼ ȯ  Ͽ  Ƿ ̷µ ְ  2    ְ, õ ȯ  ū ASD ־ָ  ġسְ, ⼺  Ѽ ȯϰ  ,  е ־ ǵ Ծָ,  ȣ  Ҿ ּ.",ȯ FEV1 ġ .,,
entailment," ȯ ŷ  ȯڴ 索̶ , ,  ǽŷµ ̽ 86 ں [**2777-5-24**] Կ߼, ٻ Ʋ   ø   µ ,  ȥ µ .",̶ ݷ׷ Ҵ  ּ.,,
contradiction," ȯ ŷ:  ȯ 索̶ ,  ְ ǽغ  ִ 86  ȯڿŵ [**2777-5-24**] Կ߼,  Ʋ ̶  Ƿ      ,  ȥ ͵ .",׳  Ű   ּ.,,
neutral," :  ȯ  翩  ڽŵ,  索 ̽ð е ̽ø  ̽ð  ģ  ־, [**2777-5-24**] Կ 㿴, ٵ ֱ Ʋ ȿ       Ž   ȥ ȥ  ް ־.",׳   ּ.,,
entailment,"׾   ħ,  ǰ  ͵ Ͽ Ǵ  ɼ.",ȯڴ  ȯ  ּ.,,
contradiction," 縧   ħ,  ǰ  ո, Ͽ Ǵ  ɼ.",ȯ  ̿.,,
neutral," ̴   ħ,  ǵ ָ Ͽ Ǵ  ְԸ.",ȯڴ  ɷȼ.,,
entailment," 縧 ڱⰡ   Ŵ   ־ָ,   µ  ޾ ־.",ȯڰ   Ƽ.,,
contradiction,"״ ڱⰡ      ־ָ,    ǥµ Ͽ ָ԰ վ.",״  .,,
neutral," 縧 ڱⰡ      ־ָ,    ǥµ  ް ־.",ȯڴ  ּ.,,
entailment,"   ȯڽŵ, [**8-27**] 嵿ƿȸ(CABG; LIMA-LAD, SVG-OM1) ޾Ѽ, ɺ(CHF)  ź(ESRD)  ġ ް ּ, 2 索(DMII) Ǽ ɹ漼(PAF) ξ ּ, ٱ   ī ˻  ̼۵Ǿ.",ȯڴ  Ƿ   ּ.,,
contradiction,"  ں̼, 8 27Ͽ 嵿ƿȸ(CABG, LIMA-LAD, SVG-OM1)  󵿸ȯ(CAD) ȯ̸, ɺ(CHF)ϰ  ź(ESRD)  ġᵵ ް, 2 索(DMII)̶ ߼ ɹ漼(PAF) ξ ռ, ٱ   ī ˻  ̼۵Ǿ.",׳     ּ.,,
neutral,"84 ں [8-27] 嵿ƿȸ(CABG) ޾( 䵿-, 뵿Ʊ-Ѱ赿), ɺ̶  ź  ġ  ְ 2 索̶ Ǽ ɹ漼 ΰ ּ, ܺ   ī ˻  Ű.",׳    ּ.,,
entailment,"4 (25 ) 㳶     ̽ĵ ߼ [**/ (2) **], õ  ְ,     ܰ δ ΰ   ʿ  ּ,   籸üſ  Ż [**2629-8-4**] 㿩 IgG 輺  ļ GN̶ ϸ   籸üſ ǹְ, ı(ܹ鴢 4.1g)̶ ˺ι ּ,    ߼.",ȯڴ  Ƿ   ּ.,,
contradiction,"4 (25 ) 㳶      ִ 㳶  ְ, õ  ǿ ּ, ܰ  ܽŵ      ΰ   ʿ  ּ,    籸üſ     µ ּ[**2629-8-4**], ׶ IgG   ļ 籸üſ ߰ߵż   籸üſ̶ ġְ, ܹ鴢(4.1g ܹ鴢)ϰ ˺ι ִ ı ְ     µ ּ.",ȯڴ ǰ Ʊ̿.,,
neutral," ȯ, 4 (25 ) 㳶    ̷ ֱ õ  ǰ ּ,      ܰ Ұ ΰ   ʿ  ּ,   籸üſ ־ŵ  ˿ IgG 켼  ļ 籸üſ̶    籸üſ̶ ġϸ, ı(ܹ鴢 4.1g)ϰ ˺ι ּ      ּ.",ȯڴ õ ı  ּ.,,
entailment," ּ?µ ּ, Ͽ ˻  , 索 2 ν ̼, ɺ ּ, PSA ġ ö󰬼, 忰 ּ, PPD 缺̼, ڿü ɱٺ ּ.",ȯڴ    ּ.,,
contradiction,"ϼ   ,  , ν  2 索, ɺ, PSA ġ ö , 忰, PPD 缺, ڿü ɱٺ ּ.",ȯ   ̿.,,
neutral,"  ְ ϻ ˻   ãѼ, 索 2ε ν ̸ ɺ PSA ġ ö, 忰 ְ PPD 缺 ڿü ɱٺ ּ.",ȯڴ  ߵ̿.,,
entailment,   HD Ϲ ˻ ޾  ˻絵     Hgb ġ 7.2 ȮεƼ.,״ ̿.,,
contradiction,"  縧 HD  ˻縦 ޾Ƹ Ǽ  ̾,    縧 Hgb ġ 7.2 ȮεǾ.",  ۷κ ġ   ̿.,,
neutral,"  縧 HD ˻ 㷯  ,  ˻絵 ߼,   Hgb ġ 7.2 Լ.",״    .,,
entailment,ȯں ٷ ü   ȮεǾ.,ȯ ü پ ּ.,,
contradiction,ȯں  ü   ȮεƼ.,ȯ ü ð ּ.,,
neutral,ȯ ֱ  پ  ȮεǾ.,ȯ   ޾Ҽ.,,
entailment,  ߿  絵    ͵  ħ       Һ    ͵ ƹ ͵  .,ȯڴ   .,,
contradiction,"  ߿, ,  , ħ,   ̳ Һ       ޾  ٰ Ͽ.",ȯڴ ⵵  ΰ ּ.,,
neutral,"  ̶ ,   , ħ,     ƴϹ        ϳ ޾   Ϲ .",ȯڴ  ΰ  ʼ.,,
entailment,"ȯں ¦ ٸ   Ŷ   ܾ   ã   ȣ,   ٻ 2~3 ̿  ܺηٰ  ּ.",ȯڿ ޼ Ű Ұ ּ.,,
contradiction,"ȯڴ  ٸ   ܾ ã Ž  , ̰ų   Ʋ  ̿   ̶ ϸ Լ ȣ ּ.",ȯ Ű ˻ ̿.,,
neutral,"ȯ  ٸ   ܾ ãⰡ   Լ ȣ, ̰     2~3 ̿   ̶ Ͽ.",ȯڴ  ΰ ּ.,,
entailment,"ȯڴ Կ      ѿ , ǰ     ġ  ߼.",ȯڿ     Ÿ.,,
contradiction,ȯں Կ    ǰ  ״   ǰ㳭 Ŷ   ػ ġǰ  㿴.,ȯڴ    ּ.,,
neutral,ȯڴ Կ     ǰ ٰ ǰ     ġǰ ãư.,ȯڴ ɺ ΰ ּ.,,
entailment, ѵ   ͵ 絵 .,ȯڴ  .,,
contradiction, ѵ   ŵ 絵 .,ȯڴ  ּ.,,
neutral, ѵ   絵 .,ȯڴ   .,,
entailment," ̶  ־ ǽɰ ϰ  (TIA) ־µ,   ɹ漼(Afib) ִµ ̰  (1wk PTA) .",ȯڴ   ȯ ΰ ּ.,,
contradiction," ̶ , ɼ մ Ͻ   վְ, ٿ     ɹ漼 ռ.",ȯ ɹڼ ̿.,,
neutral," ̶ , ɼ մ Ͻ  ־, ٷ 1    ɹ漼 ռ.",ȯڴ    ּ.,,
entailment,"¾  ˻ : [/(4)] O , ü , 级 鿪 ּ, RPR , B  ǥ ׿ , ׷ Ÿ ⱸ ´  Ȯ ߼.",ȯ ¾ ˻ ̿.,,
contradiction,"¾  ˻: [/(4)] O , ü , 级 鿪, RPR , B  ǥ ׿ , ׷ Ÿ ⱸ ³ Ȯ̿.",Ӵ ŵ ɷȼ.,,
neutral," ˻  [**/ (4)**] O , ü , ǳ 鿪 ּ, ŵ  , B  ǥ ׿ , ׷ Ÿ ⱸ ´  Ȯ  Ƽ.",ӽ  .,,
entailment,   ߿ ȯڴ ޼  ߺػ ̶ Ľ ġᰡ ʿ߼.,׳ ̴ ġ ޾Ҽ.,,
contradiction,   ߿ ȯڴ ޼  ͽŰ ̶ Ľ ġᰡ ʿ.,ȯڴ ȣ    Ÿ.,,
neutral,   ߿ ȯں ޼  ܻ ̶ Ľ  ġ   ʿ߼.,׳  ߼.,,
entailment,"弭 ȯ  ׷ 2-3mm ָ  ־, ɹڼ , ȣ , û   ִ  , ȯ â   Ͽ .",ȯ  ӵ .,,
contradiction,"弭 ȯ ڴ   ־ ũ 2~3mm, ɹڼ д 100̾, ȣ д 4̾, û   , ȯڴ â ü ƽŵ  Ͽ .",ȯ ü ˻ ̿.,,
neutral,"弭 ȯ   2-3mm ָ  ־, ɹڼ , ȣ , û   , ȯڴ ͱ  Ѱ  Ͽ  ־.",ȯڰ  ٺ ߼.,,
entailment,ػ   Żư ǰ ٰԳ ȸ   ȣ ڼ.,ȯڴ ⺻   óġ ʿ߼.,,
contradiction,"ػ  Żư ǰ ,   ȣ ȸ ߼.",ȯڴ     ʿ .,,
neutral,"  Żư ǰ , ȸ   ȣ ȥ ߼.",ȯڴ  ¾.,,
entailment,׳  ̴ 1800cc̰ Ľ 80mg ֻ   ¾Ҽ.,״ ̴ ġ ޾Ҽ.,,
contradiction,   Ľ 80mg ֻ   ¾Ұ ̴ 1800cc.,״ ü  ¿.,,
neutral,   ̴ 1800cc ϲ Ľ 80mg ֻ   ¾Ҽ.,״ ɺ ΰ ּ.,,
entailment,"索 2 ν  ̶  ּ, 󵿸 ȸ ޾Ҽ [**3234**] [**Hospital1 251**],  ٷ  ټ°   ˾翡 Ǻ ̽ ޾  , ֱ ̶ų Ȳ󱸱(MRSA)   ˾̶   µ ּ.",ȯ  ġ .,,
contradiction,"2 索 ν , ,  ְ 嵿ƿȸ [**3234**] [**Hospital1 251**] ޾Ѽ, ٿ  ټ°  ˾  Ǻ ̽ 㿩 , ٿ  ˾缭 ƼǸ  Ȳ˱(MRSA)   ̷µ ռ.",ȯڴ 񰨿  .,,
neutral,"索 2 ν  ̶  հ, 󵿸 ȸ [**3234**] [**Hospital1 251**] ޾  ռ, ٱٿ  ټ°  ˾  Ǻ ̽ Ӱ,  ֱ  ˾翡 ƼǸ  Ȳ󱸱(MRSA)  վ   ǽ µ ռ.",ȯڴ 索 Ű溴 ΰ ּ.,,
entailment,  ּ.,ȯڴ   ּ.,,
contradiction,   ּ.,ȯ  MRI ̿.,,
neutral,ǳ   ּ.,ȯڴ ݽŸ ΰ ּ.,,
entailment,  ¦ ٸ ̴ Ž Ƽ.,ȯڴ  ٸ  ּ.,,
contradiction, 縧  ٸ ̴ Ž  ռ.,ȯڴ  ٸ  5/5  Լ.,,
neutral, 縧  ٸ ̱Ⱑ .,ȯڴ  ߳  ξҼ.,,
entailment,ȯڴ    ú   ǰ ȣ ּ.,ȯڰ    Լ.,,
contradiction,ȯں Լ   󳯺 Ͽ 㳭 ǰ ȣ ּ.,ȯڴ ƹ   ̿.,,
neutral,ȯڳ Լ   ú Ͽ  ǰ ϸ ȣ ռ.,ȯڴ ÷翣 ɷȼ.,,
entailment,"ׯh,  縧 [**Hospital3 **] Ű  򰡸 ޾Ҽ.",  ߰ Ƿ ġ ʿ߼.,,
contradiction,"״㿡,  縧 [**Hospital3 **] Űܺγ  򰡸 ޾Ҽ.",   غη.,,
neutral,  ׳ [**Hospital3 **] Ƿ   ޾Ҽ.,    Ͽ.,,
entailment,  Ű  ȭ   Ƽ.,ȯ Ű ˻  .,,
contradiction,ܺ  Ű ȭ   Ƽ.,ȯ Ű ˻  Դ  .,,
neutral,  Ű ȭ  .,ȯ Ű ˻ ̿.,,
entailment,ȯڴ  ħ  ̾ƺη.,ȯ Ʃ η.,,
contradiction,ȯں  ħ  η.,ȯڴ Ʃ ޾Ҽ.,,
neutral,ȯڴ  ħ Ʃ η.,ȯڴ  ĳ  ּ.,,
entailment,ȯڴ       ʿ߼.,ȯڴ  .,,
contradiction,ȯڳ  ȥ Ͽ  ʿ߼.,ȯڴ  .,,
neutral,ȯڴ       ʿ߼.,ȯڴ  ũ ̿.,,
entailment,"׺ ҿ ׺  µ  [**1-25**]    ּ,  Դ  پ    Ʒ(Ϻ) ͼ, Һ   ٸ  Ͽ þ.",ȯڰ    Ƽ.,,
contradiction," 縧  ׺  µ  [**1-25**] ȥ Լ  ּ,  Դ Ű پٸ Ʒ ĵ ּ, Ծ ,   ٸ   þ.",ȯڴ   ƴ϶ .,,
neutral,"׺  ׺긦  ָ  [**1-25**]  Լ  ּ,  Դ  پ ˷  ͵ ּ, ̰ Ծ Ŀ ִ,    ָ   Ͽ þ.",ȯڴ õ ΰ ּ.,,
entailment," ڴ ÷ϻ   ԾŰ, ù ׷̵  ְ;    ְ.",ȯڴ ׻ ԰ ־.,,
contradiction," 縧 Levofloxacin   Ծ  ׷̵带 ȣȣ ٿ ռ,   ̼.",ȯڴ ׻  Ծ.,,
neutral," 縧 ÷ϻ   Ծ,  ׷̵带  ٿ  ּ,   ̿.",ȯڴ COPDϰ    ΰ ּ.,,
entailment,  и    㷯 ̼۵Ƽ.,ȯڴ   и  ߼.,,
contradiction,  ػ   ְ Űη.,ȯڴ  и ߼.,,
neutral,׳ и   㷯 ̼۵Ƽ.,ȯڴ ӽ Ⱓ  Ʊ ũ ׼.,,
entailment," 縧  ڷ    Ǹ,   ٽ  η.",ȯڴ Űɸ ȯ  ּ.,,
contradiction,"Գ  Ŀ  η,    Ŵٴϴٰ ٽ η.",ȯ  ´ ̿.,,
neutral,Գ  ڿ  ηְ ȸ ƹ 浵  ɾ ٽ η.,ȯڴ  ̿.,,
entailment,ȸ   㳶    ּ.,ȯڴ   ̿.,,
contradiction,ȣ    㳶   ȿ ּ.,ȯ  ȿ ġ ̿.,,
neutral,ȣǰ ϰ 㳶   ȿ ּ.,ȯڴ ε-ŰƸ ı ΰ ּ.,,
entailment," ̴ֵ  Ҹ  ¿, ǿ  ̶  Ҿִ Ÿ ʿ߼.", ̴ֵ ǿ ǥ ġ ޾Ҽ.,,
contradiction," ̴ֵ ڿ  ϸ ¿, ǿ   ϱ ο Ҹ ָ Ƽ.", ̴ֵ һ ʿ߼.,,
neutral, ̴ֵ    Ǽ Ϲ  ο Ҹ ʿ߼.,̰   Ⱓ  ̿.,,
entailment,"  ޾ , ȯڴ  򰥷,   浵  ̶   ־.",ȯڴ   ̰ ּ.,,
contradiction,"  ޾ , ȯڳ 㿩  ȥ,    ǹ  ̶   ־.",ȯ MMSE  ̿.,,
neutral,"   , ȯڳ    򰥸,  γ ǹ  ̶   ־.",ȯڴ TIA ޾.,,
entailment," ڿ  Ŵ ̷: , ⵵ ,  Ʈ, , ɰ, , ,  Ƹ  ſ.",ȯڴ  ˷տ    ȯ  ּ.,,
contradiction,"׳   ̷: , ⵵ ,  Ʈ, , ɰ, , ,  Ƹ .",ȯڴ ׷  .,,
neutral,"   δ ̷ ּ: ߺ , ⵵ ,  Ʈ, , ɰ, , , ׷ Ƹ  .",ȯڴ   COPD ȭƼ.,,
entailment," ȯ ŷ  ȯں 80 ڽŵ,   ̶  ݽŸ, , ɹ漼(ĸ Ծ ּ, INR 2.5) ξ ԰, [**3193-2-22**]       ̼.",  ұĢ  ּ.,,
contradiction,"̽ó  ŷ,  ȯڴ   ׷,     ̶ ¦ ݽŸ, , ɹ漼 ξ ־, ĸ Ծ INR 2.5  , [**3193-2-22**] ¦       Ӽ.",Ű  .,,
neutral," ȯ ŷ:  ȯ 80 ׷    ξѼٰ ¦ ݸ   ּ,  ̶ ɹ漼 ּ(ĸ ԰ ּ, INR 2.5)ϸ [**3193-2-22**] ¦   ٳ    Լ.", Ҵ  ּ.,,
entailment,⼺ȯ(COPD): Ϸ翡  (1 ppd) 40  ǿ.,ȯڴ 40ѳ  ǿ ̷ ּ.,,
contradiction,⼺ȯ(COPD): Ϸ  (1 ppd) Ǹ  .,ȯ  ̿.,,
neutral,⼺ȯ(COPD): Ϸ翡   (1 ppd)  Ⱓ ǿ.,ȯڴ  ΰ ּ.,,
entailment,"[** (̻) 3644**] ı: [**6-30**]Ͽ  縧 Ʃ     䵵 ,  η Ŷ ź Ű Ͽ þ.",ȯڴ ȭ   ϰ ּ.,,
contradiction,[** (̻) 3644**] ı: [**6-30**]  縧 Ʃ ޽      ظ̶  þ.,ȯڴ  Ծ  ì.,,
neutral,"[** (̻) 3644**] ı: [**6-30**]  縧 谡  ҷ,   , Ʃ ޽   Կη.",ȯ   η.,,
entailment,ȥ    󵿸 ȸ̽ 㷯  Լ.,ȯڴ 󵿸ȯ ΰ ּ.,,
contradiction,   մ翡 󵿸 ȸ̽ ְ  Լ.,ȯ 󵿸 ̿.,,
neutral, 縧  ޱ  󵿸 ȸ   Լ.,ȯڴ STEMI ޾.,,
entailment,"[**Ȯε ȯ  40312**] 索(DM)ϰ  ź(ESRD)  (HD)  ְ, [**Hospital1 577**] [**12-24**]  (PE) ޾ ټ  ׽ŵ,  ˻缭 Į(hyperkalemia)   źη.",ȯ    Į ϴ  Ƽ.,,
contradiction,"[**Ȯε ȯ  40312**] 索 հ  ź    ̿, [**Hospital1 577**] [**12-24**]   ޾η ټ  ε ٻ  ˻缭 Į ߰ߵǸ Կ Ƽ.",ȯ  ̿.,,
neutral,"[**ȯ  40312**] 索(DM)ϱ  ź(ESRD)  (HD) ޾ ִ 25 ׼, [**12-24**]  [**Hospital1 577**] (PE) ޾, ̹  ˻缭 Į(hyperkalemia)   ޾Ҽ.",ȯڰ    ġ ǳʶپη.,,
entailment,PDA Ŀ  90%¥ ۺ  վ.,ȯڴ  ȯ  ּ.,,
contradiction,PDA Ŀ  ۺο 90%  վ.,ȯڴ 󵿸 ȯ .,,
neutral,PDA Ŀ  90% ۺ  ־.,ȯڴ CABG ʿ  ּ.,,
entailment,"EKG Ϻμ ST ö  , ٽ MIBI  Ե .",ȯڴ ޼ STEMI ΰ ּ.,,
contradiction,"EKG  Ϻ ST  , ٽ MIBI ˻缭   Ÿ.",ȯ  ̿.,,
neutral,"EKG Ʒʼ ST  ְ, ٽ MIBI   .",ȯڴ  Լ ޾Ҽ.,,
entailment,":  [** ġ **]          ,  λ .",     Ͽ.,,
contradiction,"  ֻ ¾      ۽ŵ,  λ ְԸ.",ȯڴ   ƴ϶ .,,
neutral,": [** ġ **]  ޾        ̽ù,    Ͽ.",ȯ  ּ.,,
entailment,"[**3311-12-15**] 㿩 ǻ Կ(CT) , 6cm ũ      Ȯεư,     ǹ Ƽ.",ȯ   ּ.,,
contradiction,"[**3311-12-15**]  ǻȭ Կ(CT) ,  󿱿 6cm¥    ȮεǾ,    㳭  Ǿ.",ȯ  CT ̿.,,
neutral,"[**3311-12-15**]  CT ,  󿱿 6cm¥    ȮεƼ, Գ      ǽ   ּ.",ȯڴ  ΰ ּ.,,
entailment, ū     60 ī ̱ Ҹ [**9-6**]  ῡ        Ʋ  ޾ ߼.,    ̰ ּ.,,
contradiction, ū     ī ̱ ں [9-6] ῡ    ٸ      Ʋ  ޾ٰ  ܼ.,  ̿.,,
neutral,ſ ߿ Ƿ ̷    ī ̱  [**9-6**] ῡ          Ʋ  ޾ٰ ܼ.,  ߵ ɷȼ.,,
entailment, 24ð ȿ ׺    к ͺη ڱ  ܺη.,ȯڴ ڱó ΰ ּ.,,
contradiction, 24ð ȿ    к  ڱ  .,ȯڴ  .,,
neutral,"   ð , ̴    ϰ ڱ   ޾.",ȯڴ ֱ Ʊ Ҽ.,,
entailment,"ݸ, ٿ NSTEMI( ST  ɱٰ) Կ ִ ȯ(2 8-9/[**2661**])ŵ,  ħ 7ÿ ([**Hospital3 2091**])     ǰ ¿.",ɱٰ  ּ.,,
contradiction,"ݸ, ֱ NSTEMI( ST  ɱٰ) Կߴ ȯ(2/8-9/[**2661**]) Ҵ   ħ 7ÿ   ä ȣ ܼ߰([**Hospital3 2091**]).",׳  ȯ  .,,
neutral,"ݸ, ֱ NSTEMI( ST  ɱٰ) Կߴ ȯ(2 8-9/[**2661**])  ǰϴ ¼ ̹ ħ   ä  7ÿ ȣ ִ ([**Hospital3 2091**]) ߰ߵǾ.",׳ 帶 ޾.,,
entailment," 21.7, 츶ũ 42.4,  493, ߼ 88,   1Ӽ.",ȯ  ġ .,,
contradiction," 21.7, 츶ũ 42.4,  493, ߼ 88,   1̿ .",ȯ  ġ   ̿.,,
neutral," ġ 21.7, 츶ũ ġ 42.4,  ġ 493, ߼  88,    ġ 1ְ.",ȯڴ ׸ ּ.,,
entailment,"ȯڴ ٱ  Ű, ׶  ˻缭        Ÿ.",ȯڴ ޼ ɱٰ ´  ȭ ̰ ּ.,,
contradiction,"ȯڴ ٱ  Űܺη,  ˻缭 ȯڰ γ     ̴  Ȯܼ.",ȯ  ̿.,,
neutral,"ȯڴ   Űܺη, ¦  ˻  ȯڿ       ִ  Ȯغη.",ȯڴ 󵿸 ȯ  ּ.,,
entailment, 縧   İ [** 8682**] Ŭ  ͼ ׻ ó ޾Ҽ.,ȯڿ  .,,
contradiction,Գ   İ [** 8682**] Ŭ ͻ ׻ ó ޾Ҽ.,ȯڴ   Ƽ.,,
neutral, 縧   ڿ [** 8682**] Ŭ ٽ ͻ ׻ ó޾Ҽ.,ȯڴ Ƽ ΰ ּ.,,
entailment,"ɺ, 뵿 , ¸ , , 2 索, ö ̼ ,   ,   ȯ, ΰ  ġȯ , ոͳı  ,  , ڱż  ռ.",ȯڴ   ȯ ΰ ּ.,,
contradiction,"ɺ, 뵿 , ¸ , , 2 索, ö̼ , AVM ŷ,   ȯ, ΰ  ġȯ   , ոͳ    , ż   , ڱż     ּ.",ȯڴ  .,,
neutral,"ɺ, 뵿 , ¸ ϰ , 2 索, ö̼ ,   ,   ȯ ̽ø, ΰ  ġȯ ̶ ոͳı , , ڱ   .",ȯڴ ̿.,,
entailment,׻   ſ     .,ȯڴ    ƴ϶ .,,
contradiction, 縧     .,ȯڴ   Ͽ.,,
neutral,        ȣ  ߼.,ȯڴ   ƴ϶ .,,
entailment,׺  ̰ ٰ ߼.,ȯڴ  ͼ.,,
contradiction, ô      Ŷ 㿴.,ȯڴ      ߼.,,
neutral,     Ž ְ ϸ ܼ.,ȯ  ó ޾Ҽ.,,
entailment,"ȯں    ü ȣ ̷ ߼: ü 99.5,  129/74, ɹڼ 112ȸ, ȣ 16ȸ, 뿡 ¼ ȭ 99%.",ü ȣ  ڵ  Լ.,,
contradiction,"ȯں    ü ȣ ䷡: ü 99.5,  129/74, ɹڼ 112, ȣ 16, ȭ RA 99%.",ü ¡ Ҿ߼.,,
neutral,"ȯں   ü ȣ ü 99.5,  129/74, ɹڼ 112, ȣ 16, ȭ RA ¼ 99%.",  ̿.,,
entailment,ù   ȿ ˻  ̾.,ȯڴ ޼ 󵿸 ı ܵǰ ּ.,,
contradiction,ù   ȿ ˻  ̾.,ȯڴ  ȿ ˻ 缺 Լ.,,
neutral,ù   ȿ ˻  ̾.,ȯڴ ɱٰ ΰ  ּ.,,
entailment,"     ĥ  ,    Ҽ.",ȯڴ   .,,
contradiction,"    Ž ĥ   , 㳭  ȸη.",ȯڴ  ؼ  .,,
neutral," տ   Ŵ ĥ  ,  ۼƮ ȸƼ.",ȯڰ  ޾.,,
entailment,̰  ǰ  ܾη.,ȯڴ   ־  Լ.,,
contradiction,̰  ǰ  ĺη.,   ǰ ּ.,,
neutral,̰      ĺη.,ȯڴ ܻ ߼.,,
entailment," 2 ġ  ⼺ȯ(COPD), , õ, 뵿 , ¦  ΰ , 쳻,   , ĵȯ(GERD), Ҿ, 츣Ͼ, ¦      ̷ ּ.",ȯڰ   ް ּ.,,
contradiction," 2 ġ ް ּ, ⼺ȯ(COPD), (Pulm HTN), õ(Asthma), 뵿 (Aortic stenosis), ¦  ΰ (L TKR), 쳻(glaucoma),   (s/p cva), ĵȯ(GERD), Ҿ(anxiety), 츣Ͼ(hernia), ¦    (R hip fx w/ repair) ̿.",ȯ  ˻  ̿.,,
neutral," 2 ġ    ⼺ȯ(COPD)ϰ ̶ õ, 뵿 , ¦  ΰ  㿩  , 쳻, ǳ   , ĵ ȯ(GERD), Ҿ, Ż, ¦   㿩 ģ  ּ.",ȯڴ   δ ִ ̿.,,
entailment,"̶ ɹ漼, ġŶ , ̶  , , ̶    ּ.",ȯڴ    ּ.,,
contradiction,", ɹ漼, ġ, , ,  Ѿ , , / Ǳ ռ.",ȯ BMI  ̿.,,
neutral," ɹ漼 , ġŶ   ־  Ѿ,  뵵 㿩 ܶ  ְ.",ȯ  ö󰡰 ּ.,,
entailment,"   Ǫ  ź  Ͽ , Գ    ̽  ķ ü   ȭǿ ̽    Ƽ.",ȯڴ ڰ鿪ȯ ΰ ּ.,,
contradiction,"׳ Ƿ ̷ Ǫ  ź ð Ͽ 㿩, װ    ̽    ٷ    ̽    .",ȯ   ̿.,,
neutral,"   Ǫ  ź  Ͽ ,    ̽        ̽   ּ.",ȯڰ 鿪 ԰ ּ.,,
entailment, ̴ ¦  ̶ Һ     [**¥  (3) 29336**] ٽ Կغη.,ȯڴ   Ͽ.,,
contradiction,  ¦  ̶  غ     [**¥  (3) 29336**] Կ߼.,ȯڴ   ʴ .,,
neutral,    ̶ 𺸴     [**¥  (3) 29336**] ٽ Կ߼.,ȯڰ ɱٰ ް ּ.,,
entailment,"ȯں   ġ ޾Ѽ,     ĵ Ʒ ſ ƴϹ ˾  ſ и ʼ.",ȯڴ    ް ּ.,,
contradiction,"ȯ ٱ  ġ ޾Ѽ,      ĵ Ʒ  ƴϹ ˾   и  ƴϿ.",ȯڿ   .,,
neutral,"ȯ   ġ ޾Ѽ,     ĵƷ  ˾纴  Ȯ ʼ.",ȯ Ʒ ּ.,,
entailment," 縧 ׺ ϸ 汸 ϼ Ծ ġ ޾Ҽ,  ǰ .",׳ ׷̵ ġ ޾Ҽ.,,
contradiction," ڴ ׺(nebs) 汸 ϼ(prednisone) ġ ޾, и ǰ .",׳  ġᵵ  ޾Ҽ.,,
neutral,"  ׺ Դ ϼ ġ ޾, δ ǰ .",׳   ħ ޾.,,
entailment,[**2568-7-15**] CABG     ̿.,ȯڴ  󵿸ȯ ּ.,,
contradiction,[**2568-7-15**] CABG   Ӽ.,ȯ 󵿸 ̿.,,
neutral,[**2568-7-15**] CABG    ¼.,ȯڴ ȯ ּ.,,
entailment,"׺ Űܰ 򰡸 ޾, Űδ ̶ ǴƼ.",׳ Ű ˻  ̾.,,
contradiction,"׺ Űܰ  ޾, Ű   ޾Ҽ.",׳ Ű   ־.,,
neutral," ڴ Űܰ  ޾, Ű ̶ Ǵ .",   .,,
entailment,"[**2525-12-10**] ġ TTE( ) ˻ , ɹⷮ 55% ̻ ȮεǸ, 1+ ̸ Ǹ   ̻ .", ̿.,,
contradiction,"[**2525-12-10**] غ  (TTE) ˻  , ɹ  55% ̻ ԰, 1+ ̸ Ǹ ϰ   ̻ .", ̻ ּ.,,
neutral,"[**2525-12-10**]  TTE ,  55% ̻̿, 1+ Ǹ ̶  ̻ .",ȯڴ    ΰ ּ.,,
entailment,׶  ڳ ƹ Ż   ־.,ȯڰ Ư ð   ߴ ɷ ˷.,,
contradiction,  ׶   ־.,ȯڴ  ϴ ñⰡ  Ͽ.,,
neutral, ڻ縧 ׶ ƹ Ż   ־.,ȯڰ  ޾.,,
entailment,"̴  ȭ , ó  ȿ ġ ̾.",ȯڴ   Ͽ.,,
contradiction," 縧  ȭ , ù  ȿ ġ ̾.",ȯڴ   ʴ .,,
neutral,"   ȭ ,  ù   ȿ  ̾.",ȯ ȿ ˻  ̿.,,
entailment,ٻ  㼮 忰 [**1-23**] 12.,ȯڴ ֱ ޼ ȯ ξҼ.,,
contradiction,ٿ 忰̶  [**1-23**] 12.,ȯڴ ֱ Ƿ .,,
neutral,ٻ 㼮 忰 [**1-23**] 12.,ȯ Į Ÿ ġ ö󰬼.,,
entailment, ڵ ƹٷϽ 400и׶ ֻ ¾Ҽ.,ȯڴ ׻ ¾Ҽ.,,
contradiction, 縧 ƹٷϽ 400mg ֻ縦 ¾Ҽ.,ȯڴ ׻  ¾Ҽ.,,
neutral, ں  ƹ߷Ͻ 400mg ֻ ¾Ҽ.,ȯڴ  ɷȼ.,,
entailment,̰ ȥ ɽǼ غη   360J     ޾ Գ ɹ̶ ȯ   ȸźη.,ȯڴ  ȯ   ڵ  ϰ ּ.,,
contradiction,"̰ ȥ ɽǼ غγ,   360ٷ     ޾Ҽ, ࿡ ̶ ȯ  Ƴ.",ȯڴ  .,,
neutral,"̰Ž  ɽǼ ٲη,  縧 360    ޾  ̶ ȯ  ȸغη.",ȯڴ   ü ޾Ҽ.,,
entailment,"73  ȯڴ  ưȭ ñ ٹ߼  Ͽ ޾η, ó  ׷ָ,  ¦ 𵿸ƿ    Ϻ  Ͽ ڱ׸ ݵ  帧 Ͽ ѵ ּ.",ȯڴ  ʵȯ ּ.,,
contradiction,"  Ҹ 㳭 ưȭ ξ ּ,  㳭    Ͽ  ޾Ѽ, ó   ׷ ̽ó ¦ Ҵٸ ƿ    Ͽ ׸ Ϻ 뵿   ݵ 帧 Ͽ  ּ.",ȯ   ̸ 帧  ִ.,,
neutral,"73  ȯڴ  ưȭ ΰ ְ, ū    ޾Ҽ. ó    ó ,   𵿸ƿ   ܺҰ, Ʒ  뵿 ó  帧  ݹۿ  δٰ Ͽ.",ȯڴ 󵿸ȯ ΰ ּ.,,
entailment,  20mg ֻ ̵Ʈϰ 150mg ֻ ôݸ .,ȯ Ÿ ¾Ҽ.,,
contradiction,  20mg ֻ ̵Ʈϰ 150mg ֻ ôݸ ., ü Ҹ Ƽ.,,
neutral,  20mg ֻ ̵Ʈϰ 150mg ֻ ôݸ .,ȯڰ   ް ּ.,,
entailment," ڴ  3   ְ,          ST-T İ а ̻ϰ Լ.",   ̻ ̰ ּ.,,
contradiction," ڴ  3   ϰ  Ŀ,      Ұ  ST-T İ а ̻ϰ .",EKG ̾.,,
neutral," ڴ  3   ְ,      Ұ Ȯ꼺 ST-T  ̻ .",  󵿸ȯ  ּ.,,
entailment, 11 30п Ʈũ ڵ尡 ȣƼ.,ȯڰ  ޾.,,
contradiction, 11 30п Ʈũ ڵ尡 ȣƼ.,ȯڴ   ¡ĳ  ϳ .,,
neutral, 11 30п Ʈũ ڵ尡 ȣƼ.,ȯڴ ɹ漼 ΰ ּ.,,
entailment," ڴ  Ƿ߰, ü ȿ ɾ ٴϴ  ƹ 嵵 .",ȯڰ Ȱ ּ.,,
contradiction," ڴ   ְ, ü ȿ ƹ    ɾٳ.",ȯڴ ȴ  Ƽ.,,
neutral," ڴ  谡 ְ, ü ȿ    ɾ  ־.",ȯڴ ġ ΰ ּ.,,
entailment,"񱳴    Ӹ CT ū Ʒ ߰ߵư, ߿ MRA ٽ ȮεƼ.",κ CTϰ MRA  ̾.,,
contradiction,"ū Ʒ    Ӹ CT ߰ߵư,  MRA ȮεƼ.",κ CTϰ MRA Ư Ұ .,,
neutral,"    Ӹ CT ū Ʒ ߰ߵư,  MRA ȮεƼ.",ȯڴ ϰ   ּ.,,
entailment," ڴ [**10-17**] ĵ ð ޾ְ,   ĵ Ʒκ 1/3 ˾ ְ 忰 ߰ߵƼ.",ȯڴ GERD ΰ ּ.,,
contradiction," ڴ [**10-17**] ĵ ð ޾ְ,   ĵ Ʒκ 1/3 ˾ ְ 忰  ִٴ  ȮεƼ.",ȯ ð  ̿.,,
neutral," ڴ [**10-17**] ĵ ð ޾ְ,   ĵ Ʒκ 1/3 ˾ ְ 忰 Բ ߰ߵƼ.",ȯڴ ĵ ΰ ּ.,,
entailment," ڴ ̽   ĺ ǴܵƼ, ׷ ׼  ް ɰŶ Ͽ.",ȯڴ ź ɷ ּ.,,
contradiction," ڴ ̽   ĺ ǴܵƼ, ׷ ׼  ް ɰŶ Ͽ.",ȯ   ̿.,,
neutral," ڴ ̽  ´ ĺڷ ǴܵƼ, ׷ ڸ׼  ް ɰŶ Ͽ.",ȯڴ 索 ΰ ּ.,,
entailment, ڴ ǥϴ     .,ȯڰ  ޾.,,
contradiction, ڴ ǥϴ  Ŀ   .,ȯڴ   .,,
neutral, ڴ ǥϴ   .,ȯڴ  ԰ ּ.,,
entailment, ڴ NB/NB 並   ߼.,  ߼.,,
contradiction, ڴ NB/NB 並   ߼., ϰų ޽ .,,
neutral, ڴ NB/NB 並   ߼.,   ͼ.,,
entailment,и  Ƽ.,ȯڴ и ޾Ҽ.,,
contradiction,и Pitocin Ƽ.,ȯڴ ڿи ߼.,,
neutral,и Pitocin Ƽ.,ȯڴ ӽ Ⱓ .,,
entailment,"ٱ (WHO IV)  ([**3206-7-20**]) ׾ϡ缱 ġ(Ϸ: [**3206-9-28**]) ְ,  κ ۵ ־, ̶ е Ҽ.",ȯڴ  ΰ ּ.,,
contradiction,"ٱ (WHO IV)  ([**3206-7-20**]) ȭС缱 ġ(Ϸ: [**3206-9-28**]) ְ,  κ ۵ ְ, ϰ е ־.",ȯڴ   ޾Ҽ.,,
neutral," (WHO IV)  ([**3206-7-20**]) ׾ϡ缱 ġ(Ϸ: [**3206-9-28**]) ְ,  κ ۵ ְ, ϰ е Ҽ.",ȯ  ̿.,,
entailment," ,    ְ, ޼ ST/T  .",ȯڴ   ٴ ŷ Ͽ.,,
contradiction,"  Ž ŸŰīư ְ, ޼ ST/TWI .",ȯ  ̿.,,
neutral,"   ְ, ޼ ST/T  .",ȯڴ  .,,
entailment, ܿ  .,ȯڴ  Ÿ ּ.,,
contradiction, ܿ  .,ȯڴ    ް ּ.,,
neutral, ܿ  .,ȯڰ  ޾.,,
entailment," ڴ ü ø,  , ڱ .",ȯڴ ü ö.,,
contradiction," ڴ ü ø,   ִ  ڱ ޾Ҽ.",ȯڰ ü ߴ ġ ޾Ҽ.,,
neutral," ڴ ü ø,  , ڱ .",ȯ ǽ 帴.,,
entailment," ڴ ̾ 缺   ð, G-Ʃ꿡 ʷϻ к Լ.",ȯڴ   Ұ ּ.,,
contradiction," ڴ ̾ 缺   ð, G-Ʃ꿡 ʷϻ к   .",ȯڴ   .,,
neutral," ڴ ̾ 缺   ð, G-Ʃ꿡 ʷϻ к Լ.",ȯڴ G-Ʃ    ּ.,,
entailment," ڴ ƹ̿ٷ 150mg °, 1   , 帶  1 ȿ  ƿԼ.",ȯڴ  帶   ּ.,,
contradiction," ڴ ƹ̿ٷ 150mg °, 1    ,    1 ȿ  ƿԼ.",ȯڴ CPR   .,,
neutral," ڴ ƹ̿ٷ 150mg °, 1   , 帶  1 ȿ  ƿԼ.",ȯڴ  ΰ ּ.,,
entailment,"ϰ ְ [** ġ **]  ǽ Ʃ갡 ־, ֱ Ŵ ˻  Ƽ  ε巯  ԰ ּ.",ȯڴ Ŵ  ް ּ.,,
contradiction,"ϰ ְ [** ġ **]   ־, ֱ Ŵ ˻   ͼ    ԰ ּ.",ȯ Ŵ  ̿.,,
neutral,"ϰ ־  [** ġ **]  Ʃ굵  ־ָ, ֱٿ  Ŵ ˻    ε巯  Ծ  Ͽ.",ȯڰ 緡  ϰ ־.,,
entailment,"[**3350-5-12**]    ī ˻缭 Ʈ ܵ    Ȯεְ. ׶ ɹ 60%  ڸ    ְ, ½ɽ  ̿ϱ з 14ְ.  󵿸ƿ    ־,  켼 ü迩  󵿸  80%, ߰ ൿ 60%,  90%  ְ.",ȯڴ   󵿸 ȯ ּ.,,
contradiction,"[**3350-5-12**]    ī ˻缭 Ʈ ܵ  Ȯεְ, ɹ 60%,  ڸ   ְ, ½ɽ  ̿ϱ з 14ְ.  󵿸 Ȯ꼺  ־,  켼 ü迩  󵿸  80%, ߰ ൿ 60%,  90%  ְ.",ȯ 󵿸 ̿.,,
neutral,"[**3350-5-12**]    īȭ Ʈ ܵ  ȮϷ  Ű, ׶ ɹ 60%,  ڸ (apical akinesis)  ָ, ½ɽ  ̿ϱ з 14ְ.  󵿸 ü  ,  켼 ü迩  󵿸  80%, ߰ ൿ 60%,  90%  ְ.",Ʈ .,,
entailment,"(ؼ 1.1) BNP [** ĺ 23983**]̶ Ʈ ġ .44 ,   ɹ漼̶ ޼ ź Ȳ ӿ Ÿ Ŷ Ͽ.",ȯڴ  ȿ ġ ̿.,,
contradiction,"(ؼ 1.1) BNP [** ĺ 23983**]̶ Ʈ .44 öָ,   ɹ漼̶ ޼ ź ƶ ӿ ִ Ŷ Ͽ.",ȯ  ˻  ̿.,,
neutral,"(ؼ 1.1) BNP [** ĺ 23983**]̶ Ʈ .44  Ȯεָ,  ɹ漼̶ ޼ ź Ȳ  Ŷ Ͽ.",ȯڴ 伺  ΰ ּ.,,
entailment,ܰ Ŭ  ñ׸̵ 忡 Ƿ ְ., ñ׸̵  ü ߴ  ּ.,,
contradiction,ܰ Ŭ  ñ׸̵ 忡 Ƿ ְ.,迡 ̳ ü  .,,
neutral,ܰ Ŭ  ñ׸̵ 忡  ְ.,ȯڴ    ּ.,,
entailment,"( ġ 1.3 Ͽ  ̿, ȯ  ϳ  ְ.)",ü   ̾.,,
contradiction,"( ġ 1.3 Ͽ , ȯ  ְ.)",ü ö.,,
neutral,"( ġ 1.3 Ͽ , ȯ  ְ.)",ȯ ǰ .,,
entailment,"  ʱ  190/110 ö󰬼ٰ, ׷  Ż ־ָ Ű ˻  غ  ȯڽǿ 鿩.",   Ҽ.,,
contradiction,"  ʱ  190/110 ö󰡽 ,  Ż ֻ ° Ű ˻  ޾ƺ  ȯڽǿ Կغη.",   Ҽ.,,
neutral,"  ʱ  190/110 ġھƺҾ ,  Ż  Ű ˻    ȯڽǿ η.",  Ӹ  .,,
entailment," Կ ׳׽  ޱ 鼭,   ڱ  پη.",ȯڰ и ̿.,,
contradiction," Կذ ׳׽  ޱ 鼭,  ڷ ڱ  پη.",ȯڴ ƹ   ̿.,,
neutral," Կ ׳׽ ± ؽ ,    پη.",ȯڴ ڰ ΰ ּ.,,
entailment,     ˻缭    ٴ Ŵ ϳ  .,״  ġϷ  ޾Ҽ.,,
contradiction,   ˻缭  ٸ    ϳ  .,ȯ  ٸ  .,,
neutral,   ˻缭  η Ű ϳ ߰  Ƽ.,  ̴ ŷ ּ.,,
entailment,Ʊ    ߳    ȮεƼ.,Ʊ ¾Ƽ  ٴ Ұ .,,
contradiction,Ʊ ݾ   ߳    ȮεƼ.,Ʊ   .,,
neutral,Ʊ   ؼҵŰ ߳    ȮεƼ.,ƱⰡ ɺ ɷȼ.,,
entailment,"׳׽ Ȳ꿰 γ  ʿ   γ, ¹  ڸɱ  ־.",ӽ   .,,
contradiction,"׳׽ Ȳ꿰 ߴܵźγ Ӵϴ   γ, ¹  ڸɱ ߼.",ӽϰ     Ƽ.,,
neutral,׳׽ Ȳ꿰 ߴ 𼺿   ְ ¹  ڸɱ  ־ٰ Ͽ.,Ӵϰ ֱ   ܻ Ծ.,,
entailment,"CHF ɱٺ, ɹ漼, 󵿸ȯ, ɱٰ  [3441],  [3471], (Dr. [Last Name (STitle) 6839]), ö̼ ,   Ű, Ƽŧ,  Ʈ,  κ񵿿,   [3460] + ︮ڹ Ƿθ  ּ.",ȯڴ   ȯ ּ.,,
contradiction,"CHF ɱٺ, ɹ漼, 󵿸ȯ, ɱٰ  [3441],  [3471], (Dr. [Last Name (STitle) 6839]), ö̼ ,   Ű, Ƽŧ,  Ʈ,  κ񵿿,   [3460] + ︮ڹ Ƿθ  ּ.",ȯڴ   .,,
neutral,"CHF ɱٺ, ɹ漼, 󵿸ȯ, ɱٰ  [3441],  [3471], 󼱺(Dr. [Last Name (STitle) 6839]), ö̼ ,   Ű,  Ƽŧν,  Ʈ,  κ񵿿,  [3460] + ︮ڹ Ƿθ  ּ.",ȯڴ  .,,
entailment,"״ [**Hospital3 4254**] [**12-19**] Կ  񴢱 Ǹ ãư, Foley   Һ ӿ    Ǿְ.",  Һ ˻  Լ.,,
contradiction,"״ [**Hospital3 4254**] [**12-19**] Կ  񴢱 ǻ ,  ī   Ŀ Һ ӿ   ȮεǾְ.",  Һ ó .,,
neutral,"״ [**Hospital3 4254**] [**12-19**] Կ  񴢱 Ǹ ãư, Ǯ ī  ް   Һ ӿ    ߰ߵǾְ.",  ֱ  ޾Ҽ.,,
entailment,"׳ ᱹ ɳ , ɳ й(Ž), ҷ 丷 ,     װ     ִ  .",׳  X-  ̿.,,
contradiction,"׳ ᱹ ɳ , ɳ й, ҷ 丷 ,           ִ  ǸǾ.",׳ ̳    .,,
neutral,"׳ ᱹ ɳ , ɳ й, ҷ 丷 ,     ξ ְ      ִ  ȮεǾ.",׳  ΰ ּ.,,
entailment,׳    /  ޾.,׳ ֱ ߼.,,
contradiction,׳ PTA    /  ޾.,׳ ֱ   ߴٰ ߼.,,
neutral,׳ PTA    /  ߼.,׳    .,,
entailment," Ƿ ̷: [**09**]   󵿸 ȯ ɱٰ  ,    ־.",  ־ ŷ ּ.,,
contradiction," Ƿ ̷: [**09**]  ߺ 󵿸 ȯ ɱٰ  ,    ־.", ȯ ŷ .,,
neutral," Ƿ: [**09**]  ɱٰ  󵿸 ȯ,    ϵּ.",⸧ݷ׷   ּ.,,
entailment,"ECG  V4-V6 ST ϰ ְ, [**4-15**]   ECG ߼ ( ECG  ).",ȯ   ̿.,,
contradiction,"ECG  V4-V6 ST ϰ ְ, [**4-15**]   ECG ϴ Ǵ̾ ( ECG Ȯ ߼).",ȯ   ̿.,,
neutral,"ECG  V4-V6 ST ϰ ְ, [**4-15**]   ECG  ̾ ( ECG ).",ȯڰ ɱٰ ް ּ.,,
entailment,"δ ε巴,  , â  ʾҼ.", ˻翡 Ư  .,,
contradiction,"δ ε巴,  , â .",   ΰ߼.,,
neutral,"δ ε巴,  , â ʾҼ.",ȯڴ  Ʒ  .,,
entailment," ȯ  ´  ,  ⵵   ߼.",ȯڿ  .,,
contradiction," ȯ  ´ ũ ȣż,  ⵵   ߼.",ȯ  X-  ̿.,,
neutral," ȯ  ´  ȣư,  ȣ   ߼.",ȯڰ  ߼.,,
entailment,"  浿  100%̰,  浿  90% ̸̻ ּ.",ȯڴ 浿  ּ.,,
contradiction,"  浿  100%̰,  浿  90% Ѿ.",ȯ 浿 ̿.,,
neutral,"  浿  100%,  浿  90% ̻ ȮεƼ.",ȯڴ   ּ.,,
entailment,   MRA T3-4    㸮  ġ ܵ籸 ô   .,ȯڴ ô ༺ ȭ ̰ ּ.,,
contradiction,  MRA T3-4    㸮 ʿ  ܵ ô   ȮεƼ.,ȯ ôߴ ̿.,,
neutral,"  غ ڱ(MRA) , T3-4   ̶  Ⱦ ȿ ڸ ܵ   ô  ........ þ  .",ȯڴ 㸮  .,,
entailment,"ȯ ɺ ذŻ,   [**Hospital1 47**] Ű ߰ ġ ޾Ҽ.",ȯ ȭ Ҽ.,,
contradiction,"ȯ ɺ Ǯ ,   [**Hospital1 47**] Ű  ġ ޾Ҽ.",ȯ ɹⷮ ̿.,,
neutral,ȯ ɺ  Ŀ   [**Hospital1 47**] Űܰ  ġ ޾Ҽ.,ȯڴ  X-  .,,
entailment,"ȯڴ ̶ 㿩 ȣȣ   ּ, ٵ ̰ ⼺ȯ(COPD) ȭ  ¼.",ȯڴ COPD  ּ.,,
contradiction,"ȯ       ּ, ̰ ⼺ȯ(COPD) ȭ ϰ  ʼ.",ȯ ROS  ̿.,,
neutral,"ȯ      ޾ ռ, ٵ ̰ COPD ȭ  ʼ.",ȯڿ ST  .,,
entailment,̸ ġ '̴ ǳ',ȯڴ ġ ΰ ּ.,,
contradiction,̸ ġ 'ڱ ǳ',ȯ  ´ ̿.,,
neutral,̸ ġ '̴ ',ȯڴ  ʿ ü Ȱϰ ּ.,,
entailment,"Ʊ [**3-26**]̶ 17Ͽ   ˻縦 ޾Ұ,  ˻  ⵿ ư̳ ⵿  ߰  ư, ɹ  ȣ  ȮεǾ.",Ŀ ɹ     ɷ ȮεƼ.,,
contradiction,"Ʊ [**3-26**]̶ 17Ͽ   ˻縦 ޾,  ˻翡 ư ̳ ɹ߰ݰ  ְ ɹ  ȣ  Ȯ޼.",ڰ˻翡 ư  ִ  ȮεƼ.,,
neutral,"Ʊ׳ [**3-26**]̶ 17Ͽ   ˻縦 ޾,  ˻缭 ư ̳ ƿ   ɹ ɵ ȣ㳭 ŷ ȮεǾ.", Ʊ õ  .,,
entailment,(2)  㼮  κο   ϱ .,ȯڴ   ߼.,,
contradiction,(2)  㼮      .,   Ұ̾.,,
neutral,(2)  㼮̶   λ  ̶  Ӽ.,ȯڴ 溯 ΰ ּ.,,
entailment,"[**Hospital1 18**]   ü ȣ ü 97.3, ɹڼ 90,  99/49, ȣ 24, ȭ 95% NRB.",ȯڴ    ּ.,,
contradiction,"[**Hospital1 18**] ׻縧 ü ȣ ü 97.3, ɹڼ 90,  99/49, ȣ 24,  ȭ 95% NRB Ǿ.",ȯ ȣ ӵ ̿.,,
neutral,"[**Hospital1 18**]  縧 ü¡Ĵ ü 97.3, ɹڼ 90,  99/49, ȣ 24, ȭ 95% NRB̿.",ȯڰ  ƴ .,,
entailment,"ΰ ̷: ӽ ټ ,  1-0-4-1.",ȯڴ    ּ.,,
contradiction,"ΰ: ӽ ټ ̱, ػ ---.",ȯڴ    ּ.,,
neutral,"ΰ: G5, P1-0-4-1ְ.",ȯڰ ڿ  ־.,,
entailment,   Ƽ.,ȯڴ   ãư   ּ.,,
contradiction,Ͽ  Ƽ.,ȯڴ Ƿ Ҹ  ٰ .,,
neutral, Ͽ Ƽ.,ȯڴ  ȯ  ּ.,,
entailment, 縧  ȭǾ  Ÿ  ܾ.,ȯ 츶ũ ġ پ ־.,,
contradiction," ں    ,    η.",ȯ ũ ö󰬼.,,
neutral,"׳   Ű,    ذźη.",ȯڴ   ּ.,,
entailment,"ü ؽ İ, ȯ ȭ 66% ָ, ȯ ũ  100% FIO2 90% ر ö󰬼.",ȯڴ   ʿ߼.,,
contradiction,"ü  , ȯ ȭ 66% ָ,  ũ  100% FIO2 90%  ö󰬼.",ȯ   ̿.,,
neutral,"ü  , ȯ  ȭ 66% ٰ  ũ  100% FIO2 90% ö󰬼.",ȯڴ COPD ΰ ּ.,,
entailment, ¦ 浿ƿ ī ߼.,󵿸 Ȯϴ ˻.,,
contradiction, 浿ƿ  ī ־.,ħ ˻.,,
neutral, 浿ƿ ī  ִ ., ˻ ׻ 󵿸 ȯ θ ִ.,,
entailment,"79  ȯڴ [** **] , ̶ 索, , ߵ 뵿Ʒ 뵿Ǹ   ּ       Լ.",ȯڴ ߿   ּ.,,
contradiction,"79  ȯڴ [** **]   ̶ 索̶ , ߵ 뵿Ʒ 뵿Ǹ  Ȱ ּ, ħ      ְ   ְԸ.",ȯڴ  ȯ  .,,
neutral,"79  ȯڿ, [** **] ְ, ̶ 索, , ߵ 뵿Ʒϰ 뵿Ǹ   ְ, ħ̶    泭  ȣ ߼.",ȯڴ ȸ  ̿.,,
entailment,"ɹ漼,  ۼ  ˷  .",ȯڴ ɹ漼 ΰ ּ.,,
contradiction,"ɹ漼, ε ۼ .",ȯ   ̿.,,
neutral,"ɹ漼,  ۼ  ˷  .",ȯڴ  ġ ް ּ.,,
entailment," ° Կ  ,      ȿ Į ô ̶,   帴㿩 , ׸    ȣ߼.",ȯڴ    .,,
contradiction,"  Կ ,      Į ô ϰ   帴 , ׸    ȣ߼.",ȯڴ    .,,
neutral," ° Կ ,       Ŷ,   帴 ̴ ,    ȣ߼.",ȯڴ  ΰ ּ.,,
entailment,"˻   ָ Ŵ  ġ 16.8K  ̵ 92P 2B ,   ȭ ˻   ˻,    ȿ ּ.",ȯڿ  ¡ .,,
contradiction," ˻    Ž  ġ 16.8K   ̵ 92P 2B Ӽ,   ȭ ˻   ׽Ʈ,    .",ȯ  ST  .,,
neutral,"  ָ    ġ 16.8 K  ̵ 92P 2B Ӽ,  ܿ ȭ ˻,   ˻,    .",ȯ 溯 .,,
entailment,"  3 ޾  ּ, PFTs [**2949**]   ̸,   15 Լ.",ȯڴ     ΰ ּ.,,
contradiction," 3L   ִ ߿, PFTs [**2949**]   Ƽٸ   15 .",ȯ  ̿.,,
neutral," 3L  ޾  ̿, PFTs [**2949**]   ̸,  ġ 15̿.",ȯڴ  ǿ .,,
entailment,Կ   Ʋ [**Hospital6 1900**] ɾ    ͺη.,   .,,
contradiction,Կ  Ʋ [**Hospital6 1900**] ɾ      ͺη.,  ŷ .,,
neutral,Կ  Ʋ [**Hospital6 1900**]  ɾ ٽ   ܺη.,󵿸 ȯ  ּ.,,
entailment," ī ˻縦 غγ,  뿡   LAD ȯ̶ ISR 60%,   Ʈ ISR 95% Ȯεźη.",󵿸   ּ.,,
contradiction," ī ü ޾, ̰Ž 60%  (ISR) ִ  󵿸 LAD ȯ 95%  (ISR) ִ ܿ Ʈ .",  ̿.,,
neutral," ī ü ޾Ҽ, ̰Ž 60% ISR    LAD ϰ 95% ISR   Ʈ .",  ּ.,,
entailment," 縧 ̽ʴ  HCV  ޾, ߼ HCV 2 ŷ ִ 溯  [**3116-1-25**]   ̽  ޾Ҽ.",   ȯ ּ.,,
contradiction," 縧 ̽ʴ  HCV  ޾, ߼ HCV 2 ŷ  溯 ȯ [**3116-1-25**] ġ  ̽ ޾Ѽ.",   ȯ  .,,
neutral,"  20  HCV  ޾, Ǯ HCV 2 ŷ ִ 溯 ڿ ġ  ̽ ޾Ҽ [**3116-1-25**].",  Ȳ ɷȼ.,,
entailment,"[**6-28**] ȯڴ з  ۵   η,    η Ϲ OMED  Ű.",ȯ   Ϲ Ƿ Ű.,,
contradiction,"[6-28] ȯڴ з     ̻   ְ, Գ Ϲ OMED  Ű.",ȯ  ߼.,,
neutral,"[**6-28**] ȯڳ з   ߰, ̹  ȫ  ̻  ̿ Ϲ OMED  Ű.",ȯڴ  ũ  ȯڽǼ ġ ޾Ҽ.,,
entailment, ں  ˻翡 BRBPR(  ) .,ȯڴ 忡      ּ.,,
contradiction, ں  ˻缭 BRBPR(  ) .,ȯڿ   Ŵ .,,
neutral,׺  ˻缭 BRBPR(  ) .,ȯڴ ġ ΰ ּ.,,
entailment,"ᱹ     140-160 ռ Ƽ, ̽ ũ 70%   ȭ 90%.",ȯڴ  .,,
contradiction," ׺ ;  140~160 , ̽ ũ 70%     ȭ 90%.",ȯ Ż ̿.,,
neutral,"ᱹ ׺   140~160뼭  ְ, 70% ̽ ũ    ȭ 90%.",ȯڴ ǳ ⸸ Ұ ߼.,,
entailment,"2006 2 10, ̿ϱ ɺ̿,  ɽ  70% ʰϿ.",ȯڴ ̿ϱ  ߼.,,
contradiction,"̿ϱ ɺ,  ɽ  >70%, 2006 2 10Ӽ.",ȯڴ  ΰ ּ.,,
neutral,"̿ϱ ɺ̳, 2006 2  ɽ  70% ʸְԸ 10.",ȯڿ ̻ϰ    ּ.,,
entailment,"ȯڴ ɱٰ ƴ ŷ Ȯεָ,  ī ˻  [**Hospital1 58**] ̼۵Ƽ.",ȯڴ ޼ STEMI ƴϾ.,,
contradiction,"ȯڴ ɱٰ   ޾ָ,  ī ˻  [**Hospital1 58**] Ű.",ȯڴ   ʴٰ ߼.,,
neutral,"ȯڴ ɱٰ  ʾҼٸ,  ī ˻ ְ [**1 58**] ̼۵Ǿ.",ȯڴ  ΰ ּ.,,
entailment,Ӹ CT ˻缭  Ӹ Ż  .,κ CT ޼   ʾҼ.,,
contradiction,CT κ ˻翡 ޼ ΰ ̻ Ұ .,κ CT  .,,
neutral,CT Ӹ ˻   Ӹ ̻  .,ȯ ȥ߼.,,
entailment,"[**10/2802**] ¦ Ϻ  ó ¦ Ϻ  ޾Ҽ, װŴ 缺  4 Ǹ.",ȯ  ּ.,,
contradiction,"[**10/2802**]  Ϻο    Ϻο  ޾Ҽ, ̰ 缺  4 ȮεƼ.",ȯ  CT ̿.,,
neutral,"[**10/2802**]  Ʒ     Ʒ   ޾Ҽ, ̰ 缺  4 ǸƼ.",ȯڴ ̼ ȯ ּ.,,
entailment,"̷ ȯڶ ȯ ճడ Ϸ, ճ  ǿ ߼.",ȯڴ    ߼.,,
contradiction,"̷ ȯϱ  ճడ ,     ־.",ȯڴ   ߼.,,
neutral,̷ ȯ  ճడ ش ǿ ߴ  ϵ ּ.,ȯڴ    Ͽ.,,
entailment,   ȩ  װ   ִ  ߰ߵźη.,ȯ   ȼ.,,
contradiction,   49 ̰   ռ  ߰ߵƼ.,  Ҹ ̿.,,
neutral,     ߰ߵ ȩ  Ӽ.,    ּ.,,
entailment,   ,ȯڴ  ȯ ּ.,,
contradiction,  Ǹ    ̿.,ȯڴ   .,,
neutral,    ,ȯڴ  .,,
entailment,     ,ȯڴ ̻ ɹ  .,,
contradiction, 㿵 Ǹ    ,ȯ ڰ˻  ̿.,,
neutral,ɺ̿.,ȯڴ  ΰ ּ.,,
entailment,    ., ȯ ּ.,,
contradiction, Ͽ غγ Ǹ    ̿.,  ̿.,,
neutral, γ Ǹ ȶ   Ը.,ϰ ħ ּ.,,
entailment,"ȯڴ  ̿  '' ¸ ָ,  ڿ  · ٽ ƿ ŷ .",ȯ  ް ּ.,,
contradiction,"ȯڴ ׵    Ѽٸ,  ̻̿ ٽ  ·  ƿ  Ѽ.",ȯ   .,,
neutral,"ȯڴ  ڷ     ٸ,  ׿ ٽ  · ƿ ŷ .",ȯ  ּ.,,
entailment,"Ű漺 汤  պǿ, Ϸ  輳ΰ ʿ '[**74**].",ȯڴ   ޾Ҽ.,,
contradiction,Ű漺 汤 պ  Ϸ  ȸ ʿ߼ [**74**].,ȯڴ    .,,
neutral,"[**74**] Ű漺 汤 , Ϸ  ȸ ʿ  Ȳ̿.",ȯڿ 丶 ּ.,,
entailment, CT  ޼ պ ƼŧƼ ȮεǾ., CT  Լ.,,
contradiction, Ƽ   ޼ պ Ƽŧ ȮεƼ., CT Ư̻ .,,
neutral, CT   ޼ պ ƼŧƼ Ȯ߼.,ȯڴ   ߼.,,
entailment,"  ̸,   ſ .",ȯڴ ڱؿ   .,,
contradiction,"ȴٸ  ,   ſ  ּ.",ȯ  .,,
neutral,"ȴٸ ȥ ̸,   ſ  ּ.",ȯ  ޾.,,
entailment, [**9-13**] ħ ȩ ÿ ػ ߿   ä  ̼.,ȯ  ڹ   ߼.,,
contradiction," [**9-13**]  9ÿ ػ 㷯  Ӽ, 縷 η.",ȯ 縷 Ŀž Ͽ.,,
neutral, [**9-13**]  ÿ     ̸ .,ȯڿ  .,,
entailment, Ȱ Կ 㳭    [**2725-10-26**] ޼ ɺ(CHF) ϸ ּ   (PEA)  ٸ  ̼۵Ǿ.,ȯڴ   ڿ.,,
contradiction, Ȱ Կ    縧 [**2725-10-26**] ޼ ɺ(CHF)̶    (PEA)   (OSH) Ű.,ȯ  ̿.,,
neutral, Ȱ Կ   İ  縧 [**2725-10-26**] ޼ ɺ(CHF)ϰ ּ   (PEA)     (OSH) Ű.,ȯڴ 󵿸 ȯ ΰ ּ.,,
entailment, 縧 ⼺ȯ    뿡  ޾Ҽ.,ȯ   ּ.,,
contradiction,   ⼺ȯ     ܹ޾Ҽ.,ȯ  ̿.,,
neutral, ȥ ⼺ ȯ     ܵƼ.,ȯڴ   ǿ .,,
entailment,"[**1-13**]  Կ   , γð  ̶ ĵ ȮεǾ, 忰 ̶  ˾絵 ־, 峻ð濡 Ƽŧν ߰ߵǾ.",ȯڴ   ޾.,,
contradiction,"[**1-13**]  Կ  : γð漭 ߰ߵ Թ ĵԹ 忰   ϰ  ˾, 峻ð漭 ߰ߵ Ƽŧν.",ȯڴ    .,,
neutral,"[**1-13**]  Կ  : ð漭 ̶ ĵ ߰ߵƼ, ׶ 忰 ̶ ڱ ˾ ־. 峻ð漭 Ƽŧν ߰ߵƼ.",ȯڴ  ¿.,,
entailment," δ  ŷ: ȯں   糪̽ŵ, [**3327-9-26**]   ̶     Կ߼.",ȯڴ  ߼.,,
contradiction,"̰ δ  ŷ: ȯ 66 ׷, [**3327-9-26**] ̶     Կ߼.",ȯڴ   ʴٰ ߼.,,
neutral,"̽ó  ŷ: ȯڳ 66 糪̷, [**3327-9-26**] ϱ    Կ߼.",ȯڴ ޼ ɱٰ ΰ ּ.,,
entailment,ȯ  Դ úڹ̶  Ծ  ڵ  ŭ ׷.,ȯڴ  ø  Ծ.,,
contradiction,ȯڴ  Դ úڹ̶  Ծ  ڵ Ӹ̰   ׷.,ȯڴ  ԰    .,,
neutral,ȯں 汸 úڹ̶  ޾Ӽ  ڵ    ȭǾ.,ȯڴ ũθ丶 ּ.,,
entailment,Ʈ Ǹ   ռ.,ȯڴ  Ǹ   ּ.,,
contradiction,Ʈ Ǹ   ּ.,  ̿.,,
neutral,Ʈ Ǹ    ּ.,  ּ.,,
entailment, 縧  Ʃ  ޾ƻ ¦  ڸ𽺰 η.,ȯڿ    ּ.,,
contradiction,"   Ʃ ޾,  ο ڸ .",ȯڿ   Ʃ .,,
neutral,"׾  Ʃ  ޾, ¦ Ҵٸ ʿ ڸ𽺰 .",ȯڿ ߽ ī Ե ּ.,,
entailment, ڴ ǽ   .,ȯڴ ׻    ߼.,,
contradiction, ڴ ǽְ .,ȯ ǽ Ҿ.,,
neutral, ڴ ǽ   .,ȯڴ Ӹ ܻ .,,
entailment,  Ƿ    η.,׳  ǽ   ּ.,,
contradiction, ô Ƿ    ƿԼ.,׳     ǽ .,,
neutral, ڴ Ƿ   ǽ ãƺҾ.,׳ ܻ Ծ.,,
entailment, ° 索 ξ ͼ.,ȯڴ  ȯ ּ.,,
contradiction,20  索 ΰ ּ.,ȯ A1c ̿.,,
neutral,   索 ΰ ּ.,ȯ  ö󰬼.,,
entailment, 626̿.,ȯڴ  ּ.,,
contradiction, 626̿.,ȯ A1c ̿.,,
neutral, 626̿.,ȯڴ 1 索 ΰ ּ.,,
entailment,̴  Ŀ [**Hospital1 18**] Ƿ   ġḦ ޾Ҽ.,ȯڰ Կ߼.,,
contradiction,׺ ״㿡  ö ġ  [**Hospital1 18**] Ű.,ȯڴ ܷ ġ ް ּ.,,
neutral,׳   [**Hospital1 18**] Űܰ   ġḦ ޾Ҽ.,ȯڴ ū Ƿ ȯ ּ.,,
entailment,Ȯ̶ ļ    ¿.,ȯڴ ֱ ӽ߾.,,
contradiction,Ȯ  ļ  ¼.,ȯڴ   .,,
neutral,Ȯ ļ  ¼.,ȯڴ ħ ü ޾Ҽ.,,
entailment,"ȯڴ , , Ÿ, ƴϸ ø ߼.",ȯڴ  ٰ ߼.,,
contradiction,"ȯڴ ̳ , ̳  ѷ δ   ܼ.",ȯڴ ȴٸ  Ҿ.,,
neutral,ȯڴ 뵵   õ  ߼.,ȯڴ   ּ.,,
entailment,  װ  12~18    Ŷ ǰ  .,ȯڴ    ް ּ.,,
contradiction,  װ  12~18    Ŷ ǰ Ͽ þη.,ȯڴ   ٰ ߼.,,
neutral,62   12~18 Ÿ   Ŷ ǰ  Ͽ Ҿ.,ȯڴ  ȯ ΰ ּ.,,
entailment,"[**8-23**] ٽ   ˻缭 ̹  Ͽ  Ž , ̰ ߵ   ǴܵǾ.",ȯڿ ɳ  á.,,
contradiction,"[8-23] ٽ   ˻翡 ̹  Ͽ þ  Ƽ, ̰  ߵ   ǴܵƼ.",  ̿.,,
neutral,"[**8-23**] ٽ   ˻缭 Ŀ  ߰ߵǰ, ̽ó  ߵ  ū ũ ǴܵǾ.",ȯڴ ɳ ΰ ּ.,,
entailment,25.  ɹ漼 - ȯڴ  Ͽ ϸ ġ  ް ּ.,ȯڴ  ġ  ޾Ҽ.,,
contradiction,25.  ɹ漼 - ȯڴ ̰ſ 㿩 ġ  ޼.,ȯڴ  ġ ޾Ҽ.,,
neutral,25.  ɹ漼 - ȯڴ ̰ ۼ  ġ  ޾ ּ.,ȯڴ   ּ.,,
entailment,׽ó ĵ ð  Ƽ.,ȯڴ  ð ˻  ߼.,,
contradiction,׶ ð(EGD)   Ƽ.,ȯڴ   ð ˻ ޾Ҽ.,,
neutral,׶ ð(EGD)  ߼.,ȯڴ ĵ  ̰ ּ.,,
entailment, ڴ ׵     Կη.,ȯ ϰ ּ.,,
contradiction,  ׵ ̽    ߼.,ȯڴ  ٰ ߼.,,
neutral, ô ׵ ̽    Կη.,ȯ Ӹ ٰ ȣϰ ּ.,,
entailment,"ȭ ᰣ 90 ָ, ٽ 80  ̼    ȥ δ 10mg ֻ.",ȯڴ  ȯ ּ.,,
contradiction,"ȭ  90 ָ, ٽ 80 η  縧 ̼  δ 10mg ޾Ҽ.",ȯ   ̿.,,
neutral,"ȭ  90 öָ, ٽ 80  ȥ  縧 ̼   δ 10mg ޾Ҽ.",ȯ Ʃ ޾Ҽ.,,
entailment,״㿡   ͹     ̳  ü.,׳    ü.,,
contradiction,   ڷ   ǰ     ̳  ü.,  ̿.,,
neutral, ڴ ״㿡      ū    ü.,׳ ġ ּ.,,
entailment,"  ȯڳ λ 󼱾 ó   ޾Ҵ , ݷ׷ ġ  , ,   ǿ , ׸ 2 索̶ 縣̵  Ű ּ.",ȯڴ پ Ƿ  ް ּ.,,
contradiction,"ȯڴ  λ 󼱾 ξ   ޾Ҽ,  ݷ׷ ġ ö󰡰 е ּ,   ǟm, 2 索̶ 縣̵ ξҼ.",ȯڴ   .,,
neutral,"   ȯڴ λ 󼱾  ּٰ   ޾Ѽ,  ݷ׷ ġ ̶ ,   ʹ , 2 索, 縣̵ ξѼ.",ȯڴ 󵿸 ȯ ΰ ּ.,,
entailment,"޽Ǽ ȯڴ ASA 325mg, IV Ľ 80mg, , NTG  ġ ޾ ħ ȯ ػ, ̿  ׷  ּ.",ȯڴ ɺ ȭ ġ ޾Ҽ.,,
contradiction,"޽ǿ ȯڴ ASA 325mg, 80mg IV Ľ, , NTG  㿩 ġ  ħ ȯ⵵ ,    Ǯηٲ Ƽ.",ȯڴ  ġ ޾Ҽ.,,
neutral,"޽Ǽ ȯڴ ASA 325mg, 80mg IV Ľ, , NTG   ġ ޾Ұ, ħ ȯ⵵ ػ,  Ǯȴٰ Ƽ.",ȯڴ ɺ ΰ ּ.,,
entailment," [**Location 4245**] [**First Name5 (NamePattern1) 4246**] [**Last Name (NamePattern1) 4247**] ǻ, [**Telephone/Fax (1) 4248**]13,  [**First Name8 (NamePattern2) 694**] [**Last Name (NamePattern1) 4249**] ǻ, [**Telephone/Fax (1) 4248**]32  ް ּ, [**Hospital3 4243**]    The Center ְ ġᵵ ް ּ.",ȯ Կ߼.,,
contradiction,"̽ù [**Location 4245**] [**First Name5 (NamePattern1) 4246**] [**Last Name (NamePattern1) 4247**] ǻ, [**Telephone/Fax (1) 4248**]13, ׶ [**First Name8 (NamePattern2) 694**] [**Last Name (NamePattern1) 4249**] ǻ, [**Telephone/Fax (1) 4248**]32 ġ , [**Hospital3 4243**]    The Center  ð ġᵵ  ּ.",ȯڴ Կ  ߼.,,
neutral," [**Location 4245**] [**First Name5 (NamePattern1) 4246**] [**Last Name (NamePattern1) 4247**] ǻ, [**Telephone/Fax (1) 4248**]13, ׶ [**First Name8 (NamePattern2) 694**] [**Last Name (NamePattern1) 4249**] ǻ, [**Telephone/Fax (1) 4248**]32 ġ , [**Hospital3 4243**]    The Center ְ ġ ް ּ.",ȯڴ ɰ Ƿ  ־.,,
entailment,޽ǿ  ɱٰ ܹ޾Ҽ.,ȯڴ ɱ  .,,
contradiction,޽ǿ  ɱ̶ٰ  ޾Ҽ.,ȯ Ʈ ġ ̿.,,
neutral,޽ǿ  ɱ̶ٰ  ޾Ѽ.,ȯ  ˻  ̿.,,
entailment,"ȯڳ Դ    ηָ ǽ Ҿְ  ҾְԴ ,  ڿ ȭ   Ż° ޶ Ⱑ .",ȯڴ ܻ Ծ.,,
contradiction,"  ȯڳ  3  ηָ, ǽ Ҿ  ְ,  ڷδ       Ϲ .",ȯ ˻  ̿.,,
neutral,"ȯڴ  ڷ  3 ηٸ ǽ Ҿ ƴ   ,    Ż° ޶  ൿ .",ȯڴ ǽ߼.,,
entailment, ֱ   8 9̾.,ȯ    ̾.,,
contradiction, ƿ   8 9̾.,ȯڴ ū  ް ּ.,,
neutral, Ʊ   8̶ 9.,и  Ƽ.,,
entailment,  㼭 TPN(ü  ) ʿϼ.,ȯڴ  ΰ ּ.,,
contradiction,   TPN(ü   ) ʿռ.,ȯ  ֻ .,,
neutral,ϰ 㳭 TPN(ü  ) ʿؼ.,ȯڴ ӽ ̿.,,
entailment,䰡 Ͽ Ű TPN ʿ.,ȯڴ    ġ ޾Ҽ.,,
contradiction,䰡 Ͽ 㼭 TPN ʿ.,   Դ  ġƼ.,,
neutral,䰡 Ͽ 㳭 TPN ʿռ.,ȯ ü پ.,,
entailment,׺ 뵿 ĵ  ǽ   [**Hospital1 1499**] Ƿ   ް Ƽ.,ȯ 뵿̶  ̾  ƴϳİ ϰ ּ.,,
contradiction,  뵿-    [**Hospital1 1499**] Ƿ ߰ ˻ ް Ƽ.,ȯ 뵿  ̿.,,
neutral, ں 뵿-    [**Hospital1 1499**] Ű ߰   Ƽ.,ȯڴ 迡 ܻ Ծ.,,
entailment," ڰ Ȱ ձ׷,   5̸ 3̸ ۾ְ.",ȯ  ũ .,,
contradiction,"  Ȱ ׶,  ġ 5mm 3mm ۾.",ȯ   .,,
neutral,"   ׶,  ġ 㿩 5̸ 3̸ پϼ.",ȯڴ ȥ   ּ.,,
entailment," 縧  Ŀ Ʈɿ̰ ƺҷ, ׻ ũ⸦ 6   ٽ ٿҷ.",ȯڴ ƮŰ ޾Ҽ.,,
contradiction,"׺  Ŀ ƮŰ() ü ޾,  ߿  6ȣ Ŀ ٽ ٿη.",ȯ   ̿.,,
neutral," Ʋ  Ŀ ƮŰ̸ ٲη,   ƮŰ  6 Ŀ ٽ ٿ.",ȯڴ ĵξ  ּ.,,
entailment,"索  ޾  ذ Ҿ,     س ڿ ۸ .",ȯڴ 2 索 ΰ ּ.,,
contradiction,"索  ޾   Ű,   غγ ۸ غη.",ȯڴ ׻   Ͽ.,,
neutral,"索  ޾   Ҿ,  Դ    غγ Ŀ ۸   ּ.",ȯڴ ü̿.,,
entailment," 縧    ̼(330-550 ũ) ޾Ҽ,     .",ȯڴ    ޾Ҽ.,,
contradiction,"    ̼(330-550 ũ) ޾ƻ,   ߿   .",ȯ  CT  ̿.,,
neutral,"     ̼(330-550 ũ) ޾,  ߿ ū Ż .",ȯڴ  ΰ ּ.,,
entailment,ν    索., Ҵ ŷ ּ.,,
contradiction,ν    索,索  .,,
neutral,ν    索.,񸸷 ּ.,,
entailment,Ż󹫽  ([**3339-11-18**] -    Ż󹫽        ͺη) 9.,ȯڴ  ŷ ּ.,,
contradiction,Ż󹫽  ([**3339-11-18**] - ¦ Ż󹫽 ħ   ׻  ¦   ܺη) 9.,ȯ Ű  ̿.,,
neutral,Ż󹫽  ([**3339-11-18**] - ׺  Ż󹫽 õ     κп   Ÿη) 9.,ȯڴ ü ϰ ּ.,,
entailment,"ȯڴ ̽ó  Ͼǰ  ̼   ̸,  ħ Ͽ а ռ.",ȯڴ εξ ΰ ּ.,,
contradiction,ȯڴ ̽ó ¦ Ͼǰ    ħ  ̼  ̰ ּ.,ȯڴ Ǽ  ŷ .,,
neutral,ȯڴ ̽ó ¦ Ͼǰ   Ͽ θ ħ㿩 ̼  ̰ ռ.,ȯڴ   ̷ ּ.,,
entailment," ڳ и   , Լ ǰ   ܵ  ־.",׳ ̶   .,,
contradiction,"׳    ־, Լ ǰ ͸    ־.",׳ ̶   .,,
neutral,"׽ и ¦  ־ְ, Լ ǰ ͸    ־.",׳  ŷ ּ.,,
entailment,"      ˻翡 к  ͽŰ, ߼ ̶  ȯ  ޷̶ ٳڸ̽ ó  ܼ.",ȯڴ  ϰ ּ.,,
contradiction,"    ǽ  ˻缭  к ԰, ߼ ̶ Ǹ ȯ  ޷̶ ٳڸ̽ ó ߼.",ȯ  Ͽ.,,
neutral,"    㿩  ˻翡 к  Ӱ, ȯڴ ߼ ̶  ޷ ٳڸ̽ ó ޱ ܼ.",ȯڴ   ΰ ּ.,,
entailment,"  ı  ո, MELD  27ְ.",ȯڴ    ް ּ.,,
contradiction,",  ı   ̽ø MELD  27 ŷ ȮεǾ.",ȯ   ˻  ̿.,,
neutral,ҷ  ı µ ּ MELD  27̼.,ȯڴ ڿü 溯 ΰ ּ.,,
entailment,ڿ ߵ̶   [** ġ **]   Ʈݽ(DTs)Ͽ (   Դ ).,ȯڴ ȸȰ Ȱ߼.,,
contradiction,ڿ ߵ  [** ġ **]  Ʈ潺ϰ  Լ (      ־),ȯ   ̿.,,
neutral,ڿ ߵ  [** ġ **]  Ʈེ  ּ(  ռ  Լ),ȯڴ 溯 ΰ ּ.,,
entailment,"ȯ ȸ δ,  ȯں Ͼ İ ( ߿ Ͽ  Գ  ְ).",ȯڴ ȥ ¿.,,
contradiction,"ȯ Ȼ ,  ȯں Ͼ ħ뼭 ķ Űܰ ļ ֹ̼( ǹ   ̷ ְԸ).",״ ȥ  ߼.,,
neutral,"ȯ   Ϲ,  ȯ Ͼ ħ뼭  ڰ ļ ںҷ(㿡  Ͽ ׷).",ȯڴ ġ ΰ ּ.,,
entailment,"ȯ   ,  縧 䳪 , 㿡   ų 㶡,   Ÿ ѵ ޾  .",ȯڴ    .,,
contradiction,"ȯ  γ,  縧 غ״ ų  ޽ , ߿   ų 㿡   ,    Ŵ ٰ .",ȯڴ  ٰ ȣϰ ּ.,,
neutral,"ȯ  ,   Կ ų ۰Ÿ, 㿡 ̶ ߿  , ƴϸ      ޾  ̶ .",ȯڴ   .,,
entailment, 縧  ʵμ ǰ   ߼.,ȯڴ    ǰϿ.,,
contradiction,״ [** ()**] ʵμ ǰ  ߼.,ȯڴ  ǰ  ϰ ּ.,,
neutral,׳ [()] ó ǰ   ߼.,ȯڿ   ȼ.,,
entailment,"  ȣ  ʾ UO    ä Ľ  ޾Ұ, /ö   Ծ, 100% NRB ´   ʾҼ.",ȯڴ ɺ ȭ ް ּ.,,
contradiction,"  ȣ ͸  㿩 Һ(UO)  ä Ľ ° /ö   ¾Ҽ, ٵ 100% NRBδ  Ƽٸ   .",ȯ    ٿ.,,
neutral,"     ȣ׼ UO(䷮)  ä Ľ ° /ö   ¾Ҽ, Գ ´ 100% NRB(ȣ)  Ƽٸ   .",ȯ  ȣ  ΰ ּٿ.,,
entailment,"  MRI ĵ , C3-C4  ¦ ô   ô     ô߿  ǽɵǴ ̰ ߰ߵǾ.",ȯ ޼ ô ı ް ּٿ.,,
contradiction,"  MRI ĵ , C3-C4 ؼ  ô߿ο ڸ Ͽ ū   ô߿   ȮεƼ, Գ ô й  Ÿ.",ȯ Ű ˻  ̶ Ͽٿ.,,
neutral,"  MRI ĵ , C3-C4 ؼ  ô߿ ġ Ͽ ū  ߰ߵǾְ, ̰ ô й  ϴ ô߿ ϰ ¾Ƶ  .",ȯ ġᰡ ʿϿٿ.,,
entailment," ȿ,   , ʱ  Ʈ    .",ȯ  ٿ.,,
contradiction," ȼ,    , ʱ  Ʈ   Լ.",ȯ ɽ  ޾ηٿ.,,
neutral," ȿ,    Ϲ, ʱ  Ʈ  ȣ  .",ȯ ɱٰ ƴϾٿ.,,
entailment,"ȯں ڱ  Ȯ   Ͽ 㿩ŵ, Ե   Ȯ  ִ   .",ȯ    ּٿ.,,
contradiction,"ȯڰ   Ȯ     ּ, Ե   Ƿ ̷ Ȯ  մ   .",ȯ ǿ   Ƿ  ޾Ӽٿ.,,
neutral,"ȯں    Ȯ  , Ե  Ƿ ̷ Ȯ㺼  ִ   .",ȯ ġ ΰ ּٿ.,,
entailment,  ħ ϶Ÿ Ծ    .,ȯ  ϴٰ ٿ.,,
contradiction, 縧 ħ ϶Ÿ Ծü 㳭 ȿ  ü.,ȯ   ƴ϶ Ͽٿ.,,
neutral,  ħ ϶Ÿ Ծָ ȿ  ü.,ȯ ĵȯ ΰ ּٿ.,,
entailment,"ȯڰ ȯڽǷ ű ռ   ü ȣ ䷡ Ҽ:  130/70, ɹڼ ħ뿡    90(   120~160).",ȯ ȯڽǷ ű  ֿ ü ȣ غηٿ.,,
contradiction,"ȯڰ ȯڽǷ ű    Ż   Ҽ:  130/70, ɹڼ    90,    120~160.",ȯ ü ȣ Ҿ߼ٿ.,,
neutral,"ȯڰ ȯڽǷ ű  ü ¡Ĵ ䷡:  130/70, ɹڼ ħ뼭   90,    120뿡 160.",ȯ ȣ ӵ  ٿ.,,
entailment,Ĵ ٸ 鿡 ̿.,ȯ   ˻ ޾Ӽٿ.,,
contradiction,Ĵ ٸ  ̿.,ȯ   X-    ̿ٿ.,,
neutral, ٸ κ .,ȯ  ٿ.,,
entailment," 縧 ٿ   , 㳭  縧 [** ġ **]̱ Ƿ ̷µ    .",ȯ  ǰ   ϰ ּٿ.,,
contradiction,"׺    , ׺ [** ġ **]̱ Ƿ ̷ ǻ ޸ Ư  .",ȯ 索 ŷ ּٿ.,,
neutral," 縧 ٷ   ,  縧 [** ġ **]̱ Ƿ ϵ ⺻  Ư  .",׳  ̷ ٿ.,,
entailment,  ų    .,ȯ    ٿ.,,
contradiction, ̳   .,ȯ   ٿ.,,
neutral,  ų    .,ȯ ɱٰ ƴϾٿ.,,
entailment,"иȥ ƱⳭ ǰ  § ¿,  ó  ó ޾ ҵ  ޾Ҽ.",Ʊ   ¾ٿ.,,
contradiction,"иǼ Ʊ ǰ   ¿  óġ ޾,  Ʊ ְ   ޵ ޾Ѽ.", Ż ϰ  ¾ٿ.,,
neutral,"и ӿ Ʊ Ҹ   ¿,  óġ   ۿ,   ҵ ޹޾Ҽ.",   Լٿ.,,
entailment, [**3148**]⿡  츣佺 ܼ ̷(HSV) ŷ ּ.,Ӵ ܼ츣佺  ּٿ.,,
contradiction, [**3148**]⿡  츣佺 ̷ܼ(HSV) ݷ ּ.,ܼ츣佺  ٿ.,,
neutral, [**3148**]  츣佺 ܼ ̷(HSV)   ּ.,Ӵ ׹̷    ּٿ.,,
entailment,"޽Ǽ ȯ 103.0F  ޾, 丷 ̶ , ,  ȣ߼.",(   ־  ? ڵ ŵ),,
contradiction,"޽Ǽ ȯڳ ȭ 103.0 ū  ξ , 丷̶ , ,  ȣ߼.",ȯ  ٿ.,,
neutral,"޽Ǽ, ȯڳ ü ȭ   ö  ̸, 丷 ̶ , ,  ȣܼ.",ȯ ռ  ΰ ּٿ.,,
entailment,"ȯڴ , , ݿ翡  ޾ ܼ   Կ մ ȿ ̰ Լ 㿩 ܼ.",ȯ   ȯ ּٿ.,,
contradiction,"ȯں , , ݿϿ  ޾ƾ ϸ,  Կ ̽ ȿ ؾ ܼ.",ȯ   ̶ Ͽٿ.,,
neutral,"ȯڴ , , ׸ ݿ翡  ޾ƻ Ͽ,  Կ մ ȿ װ Լ 㿩 Ͽ.",ȯ Į ΰ ּٿ.,,
entailment,   .,ȯ     ٿ.,,
contradiction,  .,ȯ   ٿ.,,
neutral,   .,EKG  Լٿ.,,
entailment,  ˷   ϰ   ܷ  ƼƮƹ̳/ϵ ٺ Ƿ Լ.,ȯ  ջ ּٿ.,,
contradiction,  Ű  𸣴 ϰ  װ ƼƮƹ̳/ϵ ٺ 㿩  ٱ  ̼۵Ƽ.,ȯ   ˻ ̶ Ͽٿ.,,
neutral,˷    ξҴ   ϰ  系縧 ܷ  ƼƮƹ̳/ϵ ٺغγ ̼۵Ǿ.,ȯ Ű  ŷ 缺̶ Ͽٿ.,,
entailment, ں Լ  Ŷ    ޾ ּ.,ȯ 󺹺  ް ּٿ.,,
contradiction,  ڱ ̶   ޾ ּ.,ȯ    ƴ϶ ٿ.,,
neutral,׺ Լ     ּ.,ȯ ˾ ּٿ.,,
entailment, 縧   ¾ƻ  ͽ ä [**1 68**] Ű.,ȯ  ſ ·Ӽٿ.,,
contradiction, ڴ   ֻ ¾ƻ    [**1 68**] ̼۴߼.,ȯ    µ    ּٿ.,,
neutral,׺   ֻ ¾  ͽ ä [**1 68**] Ű.,ȯ  Ϸ з  ʿϿٿ.,,
entailment,  8̶ 8̾.,ȯ   ̶ Ͽٿ.,,
contradiction,"  , ̾.",ȯ   ٿ.,,
neutral,  8̶ 8̾.,ȯ  Ż̿ٿ.,,
entailment, 縧 ð(EGD) ˻ ޱ  䳪 ޽  .,ȯ ð ˻ ޾Ӽٿ.,,
contradiction,  ð(EGD)   䳪 ŽŸ  .,ȯ ð ϱ  䰨 ηٿ.,,
neutral, 縧 EGD  䳪 ޽  .,ȯ   ް ּٿ.,,
entailment,"˻   ָ  Ž   WBC 10.5, Hct 32.2(  ߰  20), Cr 0.9, CE   , ׳ Ʈ 1.5.",ȯ  ٿ.,,
contradiction,"ָ   ˻    WBC 10.5, Hct 32.2( ġ ߰  20), Cr 0.9, CE  X 1, ׶ Ʈ 1.5 ּ.",ȯ ź ̿ٿ.,,
neutral,"  ˻ γ    ġ 10.5, 츶ũ ġ 32.2( ġ ߰  20), ũƼ 0.9, CE   , Ʈ 1.5 ּ.",ȯ  ٿ.,,
entailment,¦      ּ.,  ּٿ.,,
contradiction,      ռ.,  ٿ.,,
neutral, ϰ    ռ.,  ּٿ.,,
entailment,"MICU ű  ȯ ü ȣ ̷ ־: ߿ , ɹڼ 92,  123/74,  6 ָ ȭ 96%.",ȯ   ٿ.,,
contradiction,"MICU ̼  ȯ   Ҽ: ߿  , ɹڼ 92,  123/74,  6   ȭ 96%.",ȯ ǳ ⸸   ޵ǰ ּٿ.,,
neutral,"MICU ű  ȯ üȣ ̷߼: ߿ , ɹڼ 92,  123/74,  6Ϳ ȭ 96%.",ȯ  ٿ.,,
entailment, ڳ   ٽ ٿ ٿ.,ȯ  ġ ް ּٿ.,,
contradiction, ڳ  縧 ٽ  ȣ⿡ .,ȯ ǳ    ּٿ.,,
neutral,   縧  O2() ޿ 㿩.,ȯ  ٰ ٿ.,,
entailment, ð Ÿ ̻  װ  ǰ    ü.,ȯ   ٿ.,,
contradiction, 縧   2-3    Ͽ  ǰ  մ  ü.,ȯ Ű   ٿ.,,
neutral, 縧 ش  ̻    ǰ  ִ Ÿ f.,ȯ  ޾ηٿ.,,
entailment," 縧״  ġ ɼ ư, ¦ ؽ  ̶   ż ְ ߼.",ȯ  忡 Ǽ  ּٿ.,,
contradiction,"׺Դ  ġ ɼ ǿӼ,  ؽ  ̶   ż  ޼.",ȯ   ̶ Ͽٿ.,,
neutral," Դ  ġ ɼ  ,  ؽ  ̶   ż  ߼.",ȯ   ̶ Ͽٿ.,,
entailment,"  ü 101.8   ڸ̶̽ ÷ϻ ó , IV Ľ 40mg̶   1L IV ־, ׷ְ  Һ  540ml.",ȯ   ̰ ּٿ.,,
contradiction,"   101.8   ڸ̶̽ ÷ϻ ó ޾, 40mg ֻ Ľ 1L ֻ  Ŀ ־,  ᰭ ䷮ 540ml ͺη.",ȯ  ٿ.,,
neutral,"  ü 101.8  öŰ ڸ̶̽ ÷ϻ ó ޾ 40mg¥ IV Ľϰ 1¥ IV   ұݹ ¾ƺη, ׷ 540ml Һ ͺη.",ȯ  ΰ ּٿ.,,
entailment,   ̷.,ȯ    ޾Ӽٿ.,,
contradiction,   Ƽ.,ȯ  ˻   Լٿ.,,
neutral,   غη.,ȯ ĸ    ΰ ּٿ.,,
entailment,̴  ġ  [**Hospital1 22**] Ƿ.,ȯ ٸ  ġ ޾Ӽٿ.,,
contradiction, 縧  ġ  [**Hospital1 22**] Ű.,ȯ  ġ  ʾҼٿ.,,
neutral,״ ߰ ġ  [**Hospital1 22**] Ű.,ȯ   ܰ ġᰡ ʿ߼ٿ.,,
entailment, 縧 [**3354**]⿡ ¦  Bankart   ޾   ¿.,   Ż ޾ηٿ.,,
contradiction,  [**3354**]⿡   Bankart   ޾  Ļ̿.,     ŷ ٿ.,,
neutral, 縧 [**3354**]⿡ ¦  Bankart   ޾  ¿.,  ֱ   ־ٿ.,,
entailment,"Ӹѷ 30.5ġ, 25-50 .",ȯ Ӹ ѷ ̶ Ͽٿ.,,
contradiction,"Ӹѷ 30.5ġ,  25~50 ̶.",ȯ Ӹ ū (Ŵ) ּٿ.,,
neutral,"Ӹѷ 30.5ġ,  25~50̿.",ȯ ü   Ͽٿ.,,
entailment,"ټ ¥ Ƶ ׺ ְ ָ, ̰Ž ȯ  ְ, ȯڽ Ƶ ô ǰ ų ׻ ʿ    ޾Ӽ  ּ, ٸ ̰ и ʼ.",ȯ  ʿϿٿ.,,
contradiction,"ȯں ִ ټ  ƴ ִµ, ȯں  ƴ 㸮 ǰ ų  ʿ    ޴ ſ װ ȯں  ǳ , ٵ   Ƿ ʼ.",ȯ    ޾Ҽٿ.,,
neutral," ֳ ټ  Ƶ ϳ ְ, ȯڰ  ƴ 㸮 ǰ 㳭 ƴϹ  ʿ    ޾Ӽ ׽ ȯڰ  ǳ , ٵ  ̿ Ƿ ʼ.",ȯ ̴    ʿϿٿ.,,
entailment,"޽Ǽ ó ü ȣ ɹڼ 77ȸ,  145/82mmHg, ȣ 22ȸ, 뿡  ȭ 98%, ġ  Ҽ.",ȯ  ΰ ּٿ.,,
contradiction,"޽ǿ ÷  ü ȣ ɹڼ 77ȸ,  145/82mmHg, ȣ 22ȸ, 뿡 ȭ 98%,  Ͽ Ҽ.",ȯ  ̶ Ͽٿ.,,
neutral,"޽Ǽ  ó  Ż ɹڼ 77ȸ,  145/82mmHg,  22ȸ, 뿡 ȭ 98%, ġ  Ҽ.",ȯ 索 ΰ ּٿ.,,
entailment,   濡  ڸ ٴڼ ߰߼.,ȯ ٴڿ ߰ߵźηٿ.,,
contradiction,      縧 ٴڼ ߰غη.,ȯ  ǰ  ϰ ּٿ.,,
neutral,   ò  ڸ ٴڼ ߰߼.,ȯ 帶 ޾ηٿ.,,
entailment," ȯ, 󵿸ȯ,   ȯ( ũƼ 1.7), 2 索( պ), ݷ׷, , ĵ , , ô (̳  ),  ,  ,  , 鳻, 쳻,  Ż, , ߱, 鳻,   , û ս, ߼ 氢 쳻, ,  , ö̼  ּ.",ȯ  Ƿ   ּٿ.,,
contradiction," ȯ̶ 󵿸ȯ,  Ϻ  ũƼ ġ 1.7, 2 索  պ, , , ĵ , , ô߰  ô  ,  ,  ,  , 鳻, 쳻, Ͼ, , ߱, 鳻,   , û ս, ߼ 氢 쳻, ,  , ö ̼  ּ.",ȯ  ް ּٿ.,,
neutral," ȯ, 󵿸ȯ,   ȯ( ũƾ ġ 1.7), 索 2( պ), ݷ׷, , ĵ , , ô (ô   ),  ,  ,  , 鳻, 쳻,  츣Ͼ, , ߱,   , û ս, ߼ 氢 쳻, ö̼  ּ.",ȯ Ͽٿ.,,
entailment,ȩ   1 索 ΰ ּ.,ȯ   1 索 ξƿԼٿ.,,
contradiction,9켭 1 索 ξ ּ.,ȯ  ȯ ٿ.,,
neutral,ȩ    索 ΰ ּ.,ȯ 索  Ծٿ.,,
entailment,CCU Ű ߰ ġ ް Ƽ.,ȯ  ġ ʿ߼ٿ.,,
contradiction, ö㳭   ȯڽǷ Ű.,ȯ  غηٿ.,,
neutral,   CCU Ű.,ȯ Ʈ ġ  Ӽٿ.,,
entailment,"״㿡,  縧 Ż ȯڽǷ Űγ  ޾Ҽ.",ȯ ŻƼٿ.,,
contradiction,״㿡   Ż ȯڽǷ Ƿ  ޾Ҽ.,ȯ  ο  ٿ.,,
neutral,״㿡  ֱ Ż ȯڽǷ Ű  ޾Ҽ.,ȯ Ƽٿ.,,
entailment, 縧 ̳   ź ų ȭ    ޾     ּ.,ȯ  ٰ Ͽٿ.,,
contradiction,  ̳    ų ȭ   Ÿ ޾  ٰ ִ.,ȯ  ް ּٿ.,,
neutral, 縧 ̳   ź㳭 ų ȭ   ޾     ּ.,ȯ     Ͽٿ.,,
entailment,"  , [** ġ **] ƴϹ   .",ȯ  ƿ  ٿ.,,
contradiction,"  , [** ġ **] ƴϸ   .",ȯ    ּٿ.,,
neutral," ߰  Ƽ, [** ġ **]̳   .",ȯ    ٿ.,,
entailment,"   , ȯڴ ɿ  Ŷ   ܻ ̶  ǳʷ ٲ ־,   ʿ  Ŀ  ־.",ȯ  ΰ ־ٿ.,,
contradiction,"   , ȯ  'йڰ'ϰ '' ü  ó    ȱ   ߼.",ȯ   ŷ ٿ.,,
neutral,"   , ȯڴ  йڰ̶      ó     ɲ İ ̶ 㿴.",ȯ 󵿸 ȯ ΰ ּٿ.,,
entailment,"  Vanco 1g ֻ ¾,         ˻絵 ޾, Գ ׻  غη.",ȯ ߿ ó Ծηٿ.,,
contradiction,"  Vanco 1g ֻ ޾,  ڿ    ˻ ް, ׻ ׸   ǰ .",ȯ  ˻  ̿ٿ.,,
neutral,"  Vanco 1g ް,       ְԷ ãư, Գ ׻ ׸   ǰ ޾Ҽ.",ȯ 索 ΰ ּٿ.,,
entailment,ȯڴ ڿ 븦 .,ȯ   Դ´ٰ Ͽٿ.,,
contradiction,ȯڴ ڿ  ռ.,ȯ  ϰ ּٿ.,,
neutral,ȯڴ   Դ´ٴ .,ȯ ๰  ŷ ٿ.,,
entailment,           .,ȯ   ̿ٿ.,,
contradiction, 縧  Ⱓ  ͹   並   縦 ȥ f.,ȯ   ¿ٿ.,,
neutral,׺   ǰ    縦   ߼.,ȯ   ް ּٿ.,,
entailment," Ƴ װ ɾ  Ѿ  ְ  ؼ, 㳭    [**Hospital1 52**] Ű.",  ̰  ٿ.,,
contradiction," Ƴ   ɾ  δ  ְ ػ,    캸 [**Hospital1 52**] Űη.",    ̿ٿ.,,
neutral," Ȼ װ ɾ ߿ ¦ Ѿ  ߰ػ, ״ [**Hospital1 52**] Ƿ  򰡸 ޾Ҽ.",  ɹ漼̶   ּٿ.,,
entailment,Ư ״ [**Hospital1 68**]  ȣ /⼺ȯ ȭ [**9-23**] ߼.,ȯ  ȯ ּٿ.,,
contradiction,"  Ư  ŷ, [**Hospital1 68**] ⵵ /⼺ȯ ȭ  [**9-23**] ߼.",ȯ   ̿ٿ.,,
neutral,ָ   縧 [**Hospital1 68**] ⵵ /⼺ȯ ȭ  [**9-23**] ߼ٴ ż.,ȯ   ̷ ּٿ.,,
entailment,и  Ǿ.,ȯ и ̿ٿ.,,
contradiction,и   Ƽ.,ȯ   ޾Ҽٿ.,,
neutral,  и ߼.,ȯ и   Ǹ ηٿ.,,
entailment,  ˼ .,ȯ    ּٿ.,,
contradiction,ź Ȳ .,ȯ   ̶ Ͽٿ.,,
neutral,ź Ȳ  .,ȯ  ް ּٿ.,,
entailment,̸ ġ ° ܰ.,ȯ  ɷ ٿ.,,
contradiction,̸ ġ ° ܰ̿.,ȯ MMSE  ̿ٿ.,,
neutral,̸  ° ܰ.,ȯ  MRI  ̶ Ӽٿ.,,
entailment,̸ ġ ,ȯ ġ ΰ ּٿ.,,
contradiction,̸ ġ 3ܰ.,ȯ   ̶ Ͽٿ.,,
neutral,̸ ġ ° ܰ迩.,ȯ   ּٿ.,,
entailment,ȯڳ     ȼ.,ȯ ⺻   ּٿ.,,
contradiction,ȯڴ 밳 ƹ     ּ.,ȯ ü ϰ ּٿ.,,
neutral,ȯڳ 밳      ּ.,ȯ ϻȰ  ϰ ּٿ.,,
entailment,"๰ 迣 ̷   ּ: ױ׷, 弭, Ʈ, Ƭ.",ȯ  ๰ ġ õغüٿ.,,
contradiction,"๰ 迨 ױ׷, 弭, Ʈ, Ƭ Եǿ ּ.",ȯ ๰ ġ    ޾ƺüٿ.,,
neutral,"๰ 迣 ䷱   ּ: ױ׷, 弭, Ʈ, Ƭ.",ȯ  ΰ ּٿ.,,
entailment," [**5-16**]  X-    Ŀ ְ   ȭ  , Դ  Ϻ󿱿 ̶ 丷 ⵵ .",ȯ ɺ ΰ ּٿ.,,
contradiction," 縧 [**5-16**]  X-   Ͽ Ŀ Ŷ    ,   Ϻ  ̶ 丷  .",ȯ  ̶ Ͽٿ.,,
neutral," [**5-16**]      Ͽ ĿҰ     ,   Ϻ ̶ 丷 ⵵ .",ȯ  Լٿ.,,
entailment, [**3079**]ؿ ¦      Ÿ.,ȯ  ¡ ̰ ּٿ.,,
contradiction," 緹 [**3079**]ؿ ܺηְ, ¦  ¡  ־.",ȯ Ű ˻ ̶ Ӽٿ.,,
neutral, [**3079**]⿡ ɰ     Ÿ.,ȯ ϰ (TIA) ޾ٿ.,,
entailment,"   ﵵ  ,    ""    ""  Ӹ .",ȯ    ̰ ּٿ.,,
contradiction,"   Ϲ,  ī ϸ,    Ҿ     ܼ, Գ  ͼ.",ȯ    ٿ.,,
neutral,"   㳭,  ?    Ҿ  ó ? ÷ ϸ Ӹ  ־.",ȯ ҳ  ޾ٿ.,,
entailment,ȯڴ DVT ŷ   Ծ ռ.,ȯ ġ  ̿ٿ.,,
contradiction,ȯȥ DVT(ɺ) ŷ   Ծ ּ.,ȯ    ٿ.,,
neutral,ȯڴ DVT ŷ    ּ.,ȯ   ּٿ.,,
entailment," Լ ߵ Ŀ ռٸ, ũ ޶  ɼ.",ȯ   ּٿ.,,
contradiction," Լ ߵ Ŀ ּٸ, ū ȭ .",ȯ  ۼٿ.,,
neutral,"  ߰  Ŀ ָ, Ͽ ޶  .",ȯ ̿ٿ.,,
entailment,  ػ   ð  ǰ ġ ޾Ӽ   Ż ȯڽǿ Կ߼.,ȯ Ƽٿ.,,
contradiction,״    ð  ǰ ġ   Ŀ   Ż ȯڽǿ Կ߼.,ȯ ǰ ŻƼٿ.,,
neutral,"״  յΰ 4ð  ǰ ġ ޾,    Ż ȯڽǿ Կ߼.",ȯ Ƽٿ.,,
entailment,汤ָ   㳭  ī  ʿߴ  ּ., Ŀ ¿ٿ.,,
contradiction,汤      ʿ  ּ.,Һ   ٿ.,,
neutral,汤       ī͸  ߴ  ּ.,PSA ġ  Ӽٿ.,,
entailment,"ν  索,     ޾Ҽ.",ȯ   ΰ ּٿ.,,
contradiction,"ν  索, ʻ    ޾Ѽ.",ȯ A1c ġ ̿ٿ.,,
neutral,"ν  索,     ޾ƺη.",ȯ   ġ öٿ.,,
entailment,ȯ ö Դ Ž [**2564-5-31**]    30ϰ ȹ ־.,ȯ  ๰  ̿ٿ.,,
contradiction,[**2564-5-31**]  ȯ ö Դ  30Ϸ ȹ .,ȯ   ̶ Ͽٿ.,,
neutral,ȯ ö Դ Ž [**2564-5-31**]  30ϰ ȹ㿩 ־.,ȯ ֱ  ޾ٿ.,,
entailment,"   97/52 , ߿ 197/92 ö󰬼 (Ͽ Ҿְ).",ȯ   ް ּٿ.,,
contradiction," 縧  97/52  İ, ߿ 197/92 ö󰬼(Ͽ Ҿ).",ȯ  ̿ٿ.,,
neutral,"   97/52 ٰ, ߿ 197/92 Ȯ ö󰬼(Ͽ ҾϿ).",ȯ ɹڼ ̶ Ͽٿ.,,
entailment,"ڼ  뵿  Ǹ,  ǽ  ȩ  ־.",ڰ˻翡 뵿  ٿ.,,
contradiction,"ڼ  뵿  ߰ߵǾ,  ǽ  ȩ  ־.",ڰ˻翡 ̻ Ұ ٿ.,,
neutral," ˻缭  뵿  ߰ߵְ,  ǽ  ȩ  ־.", ּٿ.,,
entailment," , Ƴ ڱ  ̷ ּ.",  ֱٿ ¾ٿ.,,
contradiction," ְ, ְ, ڱְ ּ.",ȯ Ӵϴ   ̿ٿ.,,
neutral,     ڱ.,и ڿи  Ƽٿ.,,
entailment,  Ѿ   ̶  Ȯ.,ȯ Ȱ  ٿ.,,
contradiction,  ̼      Ȯ.,ȯ  ް ּٿ.,,
neutral,2 ̻    ̶ Ʒ ּ.,ȯ 溯 ΰ ּٿ.,,
entailment,"     źٰ ȣ㿴, ۰   ȭ 80%   , ׳    ÷ ȭ 90% Լ,   ˻缭    ̹   ޽Ƿ Űܺη.",  ȭ ٿ.,,
contradiction,"״   ȣ   ⼭ ȭ Ƚ ۼƮ   ,   ͸   ȭ  ۼƮ Լ,      㳭 ޽Ƿ ̼۵źη.",ȣ  ̿ٿ.,,
neutral," 縧    ϴ Ҹ , ⼭ ȭ Ƚʴ뿩 ̾,   ͸ ຸ ȭ  ۼƮ,     ޽Ƿ Űܺη.",  COPD  ּٿ.,,
entailment,"  Ľ 40mg ó ޾,  Ŀ ļ ˻  ˻  ȹ̿.",  ٽ ̴  ߼ٿ.,,
contradiction," 縧 Ľ 40mg ó ޾Ҽ,  Ŀ  ˻縦  ż.",  ̴ ߴ߼ٿ.,,
neutral," 縧 Ľ 40mg ó ޾,  Ŀ ļ ˻  ˻  ȹ ּ.",   ȯ ŷ ּٿ.,,
entailment,"׾ ħ ְ   ,       ߰ߵǾ.",ȯ  ̶  ּٿ.,,
contradiction,"  ħ ˻ְ   Կ 㿩f,    Ϲ   .",ȯ  X- ˻ ̶ Ӽٿ.,,
neutral," 縧 ħ Ҷ,   ,       ߰ߵƼ.",ȯ  ΰ ּٿ.,,
entailment,ۼ ɹ漼̿.,ȯ   ̶ Ӽٿ.,,
contradiction,  ɹ漼.,ȯ  Ű Ƶ  ּٿ.,,
neutral,ۼ ɹ漼̿.,ȯ  ΰ ּٿ.,,
entailment,  ɹ漼.,ȯ    ̻ϰ ̿ٿ.,,
contradiction,  ɹ漼.,ȯ   ̶ Ӽٿ.,,
neutral,ۼ ɹ漼ְ.,ȯ  αٰŸ  ּٿ.,,
entailment,ۼ ɹ漼̼., ּٿ.,,
contradiction,ۼ ɹ漼̿., ڵ̶  ̰  ŷ ٿ.,,
neutral, ɹ漼̶.,ȯ Ÿ   ̿ٿ.,,
entailment,ۼ ɹ漼ְ., ּٿ.,,
contradiction,ۼ ɹ漼̿.,  ȣ ̿ٿ.,,
neutral,ۼ ɹ漼̿.,  ּٿ.,,
entailment, 縧 ٿ ̳ ̳ õ  .,ȯ ߿  ٰ Ͽٿ.,,
contradiction,  ٷ ̳  ƴԽó  ־  ٰ .,ȯ ߿  ּٿ.,,
neutral,"  ٷ ߿̶ ,    ٰ .",ȯ ü   Ͽٿ.,,
entailment,"   ,  ,   , , Կ     .",ȯ   ٿ.,,
contradiction,"   ,  ,  , ,  ޽㳭  .",ȯ   ̰ ּٿ.,,
neutral," 縧   ,  ,   ,   , ϴ    .",ȯ  ΰ  ּٿ.,,
entailment,̳   .,ȯ  ٿ.,,
contradiction,̳   .,ȯ  ϰ ּٿ.,,
neutral,̳   .,ȯ   ٿ.,,
entailment," ˾/溯, [**2608-10-28**], ︮ڹ Ϸθ Ӽ.",ȯ  ˾  ּٿ.,,
contradiction," ˾/溯, [**2608-10-28**], ︮ڹ Ϸθ Ӽ.",ȯ  ̶ Ͽٿ.,,
neutral," ˾  溯, [**2608-10-28**], ︮ڹ Ϸθ .",ȯ Ʈ븶 ּٿ.,,
entailment,", ɹ漼, 󼱱, 索, Ǯ̵Ǵ 丷 (6  [****]  ޾Ҽ) ְ,      ̷µ ռ.",ȯ     ּٿ.,,
contradiction,"̶ ɹ漼,   ̶ 索 հ, 丷  ǵ  6    ޾ְ, 8     ̷µ ռ.",ȯ ɹڼ ̶ Ͽٿ.,,
neutral,"̶ ɹ漼,   ̶ 索 ּ,  丷  6    ޾Ҽ,      ̷µ ּ.",    Ӽٿ.,,
entailment,Ϸ    ޾Ҽ., ̷ ȿ    ּٿ.,,
contradiction,Ϸ      ̿., ٿ.,,
neutral,Ϸ    ޾Ҽ.,ȯ  뺯 ִ   ּٿ.,,
entailment, 鿪   η  , صǴ ȯ̿ٿ.,,
contradiction,ڱ 鿪     Ҿ  ̿.,ڰ鿪   ִٰ ص ٸ ڰ鿪 ȯ    ƴϿٿ.,,
neutral,ڱ 鿪   η ͱ  ,  ִ ȯڵ  ٸ ڰ鿪 ȯ ΰ ּٿ.,,
entailment, ̴ ħ ޽ ְ  ׸Ż ġ ޾ ä غη.,ȯ  Կ  ϰ ּٿ.,,
contradiction," 縧 ħ ޽ · , ׸Ż ġ ޾Ҽ.",ȯ  ̻  Դ  ƴϿٿ.,,
neutral," 縧 ħ   ޾, ׸Ż ġ ޾ ä ߼.",ȯ ļ    ּٿ.,,
entailment," ̴ ǰ  , ħ    ӵǸ ּ,   .",ȯ ROS  缺̶ Ӽٿ.,,
contradiction,"   ǰ  ħ  ź  Լ ռ, ׶   ʼ.",ȯ ȣ ް ּٿ.,,
neutral," ̴ ǰ, ħ  ź Ž  ּ. ٵ   .",ȯ ȭ ̶ Ͽٿ.,,
entailment,"ȯ 㳭 ˻ ޾, 弭 ᷹ ߼.",ȯ ׹ ȿ  ٿ.,,
contradiction,"ȯڴ  ü˻ ޾Ұ, 弭 '᷹' ߼.",ȯ   ٿ.,,
neutral,"ȯڴ ü˻翡 ̾, 弭 ᷹,      ôٰ ܼ.",ȯ   ּٿ.,,
entailment,ȯڴ     Ⳮ Ŷ ź㳭   ߼.,ȯ ֱ   ޾ٿ.,,
contradiction,ȯڳ 糭  ð   ź  ̱ ߼.,ȯ    Ͽٿ.,,
neutral,ȯڴ ٿ    ź  ̱ ߼.,ȯ ̶   ּٿ.,,
entailment,¦ 渷Ͽ   ռ.,ȯ  ΰ  ΰ ּٿ.,,
contradiction, ¦ 渷 Ӽ.,ȯ  MRI  ̶ Ӽٿ.,,
neutral, 渷Ͽ   ּ.,߾Ӽ ̵ ּٿ.,,
entailment, 縧 ƹ̿ٷ 뷮 þ (200 300).,ȯ   ּٿ.,,
contradiction, 縧 ƹ̿ٷ 뷮 þη (200-->300).,ȯ  ٿ.,,
neutral, 縧 ƹ̿ٷ Դ  200 300Է þη.,ȯ 󵿸ȯ ΰ ּٿ.,,
entailment,"ȯں շ  ϰ  ں̽ŵ, , 弭 ¦ ݽŸ  ߰ߵ  [**3259-12-9**] ߼.",ȯ BMI  ٿ.,,
contradiction,"ȯڳ ϰ  ڽŵ, Ƿ  [** ġ **]us ̸, 弭 ¦ ݸ   ߰ߴ  [**3259-12-9**]  Լ.",ȯ ü ̶ Ͽٿ.,,
neutral,"ȯڴ    57 ڿ, ̸, 弭  ݽ   ߰ߵ  [**3259-12-9**]  Լ.",ȯ   Ÿ ּٿ.,,
entailment,ȯڴ Űܰ   ô߰ õ  Ű.,ȯ  õ ʿϿٿ.,,
contradiction,ȯڴ Űܰ  ޾ ô߰ õ 㷯 ̼۵Ƽ.,ȯ Ű    õ  ʿ ٿ.,,
neutral,ȯں Űܰ   ô߰ õ  Ű.,ȯ  ȣϰ ּٿ.,,
entailment," ĩ   縧    Ͽ , 밳 Ϸ翡         ̼.",   ΰ ּٿ.,,
contradiction, ĥ   縧     㳭  Ϸ翡   ָ۵     ̿.,   ϰ ּٿ.,,
neutral,"ٻ ĥ   縧    ,  Ϸ翡   ȸ Գ       ̿.",  ġ ΰ ּٿ.,,
entailment," 縧 丷    ð Ȯε ɳ  ִ ŷ , ̵ Ŵ .",  丷̶ ɳ  ּٿ.,,
contradiction,"  丷 ̶ ķ Ȯ ɳ    ä ־, 㳭 Ž Ŵ .", й ް ּٿ.,,
neutral,"״ 丷    ð Ȯε ɳ  ִ ŷ , Ž̵ Ŵ ߰  Ƽ.",  ɺ  ּٿ.,,
entailment, 縧 ׶ õ ĵ  ٸ  ϳ .,ȯ ROS  ̿ٿ.,,
contradiction,"׽ò   , , , ƴϹ   ϳ .",ȯ  ȣϰ ּٿ.,,
neutral,׳ ׶ ̶ ̶  ƴϹ ٸ  ϳ .,ȯ ü ˻ ̶ Ӽٿ.,,
entailment, 縧 [**3354-10-12**]  ͸ϰ  ΰ  Ű.,  Կ ġ ʿ߼ٿ.,,
contradiction, 縧 [**3354-10-12**]  ͸ ϸ    Ű.,   غηٿ.,,
neutral,  [**3354-10-12**]  ͸̶    ̼۵Ƽ.,  ü ȣ ̾ٿ.,,
entailment,"   ð  , ȯڴ ¦   ȣ    .",ȯ    ٿ.,,
contradiction,"ü   ð  , ȯڳ ¦ ٸ  ϸ    .",ȯ    ߼ٿ.,,
neutral,"     ð , ȯڴ ¦   ȣ   ߼.",ȯ ֱ  ޾ٿ.,,
entailment,"Ͽ泯   ̽㿩 Կ   ְ, ǥ   ׶   ־.",ȯ  ȯ  ̰ ּٿ.,,
contradiction,"Ͽ泯   ̽߼, ǥ  ׷  ־.",ȯ  ȯ   ٿ.,,
neutral,"Ͽ泯  䰡 ηְ,   ǥ  ׶ Ȱ   ־.",ȯ 忰 ΰ ּٿ.,,
entailment,ȯڴ  ȥ  ͺη.,ȯ һ ް ־ٿ.,,
contradiction,ȯ    ݴ .,ȯ PEA 帶 ¿ٿ.,,
neutral,ȯڴ    ޾Ҽ.,ȯ ɽǺ ɷȼٿ.,,
entailment,"ȩ   ȯڷ Կ    , ɺ(CHF)̶ ɹ漼(AF), Ų(PD),   ̶  ٸ ˾   ȯڳ    ٰ    Լ.",ȯ  ּٿ.,,
contradiction,"89  ȯְ, Ͽ Կ  ̽ð ɺ(CHF), ɹ漼(AF), Ų(PD),      ٸ ˾絵 ξ ּ, ̽ó Һ   پ ߿   ּ.",ȯ  ٿ.,,
neutral,"ȩ  糪 ȯڿ,   Կغ  ְ ɺ(CHF)̶ ɹ漼(AF), Ų(PD),   ϰ 쿵 ٸ  ξ ּ,     پ    ͺη.",ȯ  ΰ ּٿ.,,
entailment,"޽Ǽ ʱ ü¡ĳ ̷: ü 96.8, ɹڼ д 72ȸ,  97/68 mmHg, ȣ д 20ȸ, ȭ 93%, Ұ޷ 3L/.",ȯ ȭ ٿ.,,
contradiction,"޽Ǽ ó 纻 üȣ  Ҽ: ü 96.8, ɹڼ 72ȸ,  97/68, ȣ 20ȸ, ȭ 93%,  ޷ 3.",ȯ  ּٿ.,,
neutral,"޽Ǽ ÷ 纻 ü ȣ ̷ڷ̾: ü 96.8, ɹڼ 72ȸ,  97/68mmHg, ȣ 20ȸ, ȭ 93%,  ޷ 3L.",ȯ COPD  ּٿ.,,
entailment,   ȯں      ɾ  ־., Ÿ  ȯ ̵ ɷ ־ٿ.,,
contradiction,   ȯڴ       ־., Ÿ  ȯ ȴ   ־ٿ.,,
neutral,   ȯڰ       ־., Ÿ  ȯ ȱ ٿ.,,
entailment, 縧  ܾη  ؾ .,ȯ ȣ ¿ٿ.,,
contradiction,   ܾ ¿   Ҽ.,ȯ ȣ ̶ Ͽٿ.,,
neutral,ȥ  ܾҰ    ڰ .,ȯ κ ܻ Ծٿ.,,
entailment,׶㳭  縧 ̶   ͼ  · ؾ.,׶ ̶ ȭ Ҽٿ.,,
contradiction,׶ ̴ а     ׷ ǿη.,׶ ü ȣ ̶ Ӽٿ.,,
neutral, ó  縧 ̿     .,  ܻ Ծٿ.,,
entailment,"ȯڰ   ü,   69/51̿.",   Ҽٿ.,,
contradiction,"ȯڰ   ,   69/51̾.",   Ҽٿ.,,
neutral,"ȯڰ   纸,   69/51̾.",ȯ  ȣϰ ּٿ.,,
entailment, ̷ܼ(HSV) [**3374-11-24**]  ξҴ ̷ ּ.,Ӵ HSV ŷ ּٿ.,,
contradiction, [**3374-11-24**]  ϵ ߺ ̷ ִ ̷ܼ(HSV)   ּ.,Ӵ ȯ ٿ.,,
neutral, [**3374-11-24**]  ϵ ߺ ̷ ִ ̷ܼ(HSV) ŷ ռ.,Ӵ ׹̷ ġ ް ּٿ.,,
entailment, 縧 [**Hospital1 22**] Ƿ ︮͸ ̿ ̼۵Ƽ.,ȯ   ̼۵Ƽٿ.,,
contradiction, 縧 [**Hospital1 22**] Ƿ  Ÿ Ű.,ȯڴ Ƿ ġ  ̼۵  ƴϿٿ.,,
neutral, 縧 Ƿ ︮ Ÿ [**Hospital1 22**] Ƿ.,ȯ   ɰְ ̿ٿ.,,
entailment,"  丷 ⹰ ְ  ְ κ  ΰ ְ Ҷ, ΰ ˻ Ҷ Կ߼.",   ̻  ġ ޾Ҽٿ.,,
contradiction,  丷 ⹰    κ  ΰ ְ  ð   Կܼ.,  ̶ Ͽٿ.,,
neutral,"  丷 ⹰ ְ,  ְ,  ΰ κ   ΰ ˻  Կܼ.",    ּٿ.,,
entailment,"MRI     ȸ  ߾ ҳݱ /ȭ ȭ ָ  Ǵ Ŵ , MRA   ȯ   ɷ Լ.",ȯ  MRI  ̶ Ӽٿ.,,
contradiction,"MRI ᱣ   ȸ  ߾ ҳݱ /ȭ ȭ Ǿָ  Ұ , MRA ᱣ / ȯ谡   շ մ ŷ .",ȯ ޼  ΰ ּٿ.,,
neutral,"MRI ˻翡 ¦  ȸ ¦  ҳݱ ̳ ȭ ȭ ָ  Ұ , MRA ˻翡 յ ȯ   ŷ Լ.",ȯ  ɱٰ   ּٿ.,,
entailment,"˻  ָ   K(Į) 6.6̱, м   û ּ.",˻     Ÿٿ.,,
contradiction,"˻     Į ġ 6.6 Լ, м   ǽɵǰ ּ.",м  ̶ Ӽٿ.,,
neutral,"˻  ָ  Ŵ K(Į) 6.6 Լ, м   ǽɵǴ Ŷ.", ȯ  ּٿ.,,
entailment,"  79 ,  ϼ, ġ   ̶ ƼǸ  Ȳ˱ ,   ɹ漼 ξ ְ, ̰ Ƹ ο  ̶ 㳭,   ü ߼ ΰ ޾ ּ,    ͺҾ.",ȯ  ΰ ּٿ.,,
contradiction," , 79 װ  ϼ, ġŰ հ   ̶ ƼǸ  Ȳ˱ ,   Դ ɹ漼 ޾ְ ̰ Ƹ ο  ̶ ,   ü Ǯ   վ  Ϸ   ͺҾ.",ȯ ü ȣ ̶ Ͽٿ.,,
neutral," , 79    縧̹ ġŰ ̽ð,   ̶ Ȳ󱸱 ,     ɹ漼 ξ ־, ̰ Ƹ ο  ðԷ ,   ü ߼   ޾ ּ, Գ    Ÿ.",ȯ  װ ΰ ּٿ.,,
entailment,"  ȯ(CKD),      ,    ̽ 61  ȯڳ  츣Ͼ  Ͽ [**Hospital1 18**] ܷ   Ͽ.",ȯ  պ  ּٿ.,,
contradiction,"61  ȯ  ȯ(CKD)ϰ    ϰ ,  ŷ ּ,  ȯ  츣Ͼ   [**Hospital1 18**] ܷ    鷷Լ.",ȯ  պ  ٿ.,,
neutral,61  ȯ  ȯ ְ   ¦    ޾   е ΰ ּٰԳ [**Hospital1 18**]  Ż  ְ ܷ    Լ.,ȯ    Ż  ּٿ.,,
entailment,"MRI    ҳ  ȮεƼ, ֺ   Ÿ ̼ ߺθ ûԼ.",ȯ    ּٿ.,,
contradiction,"MRI  ¦ ҳ  Ȯεְ, ֺ    ̼ ߺζ ûִ.",ȯ  MRI  ̶ Ӽٿ.,,
neutral,"MRI   ѷ   ҳ  ȮεƼ, Գ ̼ Ұ ǽɵǼ.",ȯ   ޾Ҽٿ.,,
entailment,"׻縧  °  ̽ 㳭 , [**3048-1-29**]׾  ް ּ.", ں  ź ΰ ּٿ.,,
contradiction, ڴ  °  ̽ غγ [**3048-1-29**]  ޾ ּ.,ȯ ű ̶ Ͽٿ.,,
neutral, 縧  °  ̽   [**3048-1-29**]   ޾ ּ., ں 索 ȯ̿ٿ.,,
entailment,ȯڰ      ߼.,ȯ   ޾Ҽٿ.,,
contradiction,ȯڰ 强   ͸ ޾Ҽ.,ȯڴ   ޾Ҽٿ.,,
neutral,ȯڰ    1 ޾Ҽ.,ȯ ̿ٿ.,,
entailment," ڴ [**6-/2929**] ̼ ȯ  ޾Ҽ, ֿ ǥ Her2+̸ ER+.",ȯ  ΰ ּٿ.,,
contradiction,"׿ [**6-/2929**] ̼ ȯ  ޾,  Her2+̸ ER+̿.",ȯ  ˻  ̶ Ӽٿ.,,
neutral," 縧 [**6-/2929**] ̼ ȯ ܹ޾Ҽ, ֿ  Her2+, ER+.",ȯ   ּٿ.,,
entailment,׻̿    72ð  ΰȣ  .,ȯ  ȣ    ּٿ.,,
contradiction,׻̿  縧 밭 72ð  ΰȣ⸦  .,ȯ Ʃ ޾Ҽٿ.,,
neutral,     ĥ ð  ΰȣ  .,ȯ  ¡   ȿ ּٿ.,,
entailment, ڴ ĥ  Ѿγ  ڷ ¸ Ŵٰ  ּ.,ȯ  ȣϰ ּٿ.,,
contradiction, 縧 ĥ   ڷ ¸   ּ.,ȯ ƹ Ե  Ͽٿ.,,
neutral, ô ĥ   ķ ¸   ȣ ռ.,ȯ ġ     Ŷ.,,
entailment,",   ȸ ƴϸ    ħ     ӵƴٰ ߼.",    ħ ϴ Ͽٿ.,,
contradiction,  縧 ȸ ƴϹ    ħ     ӵƴٰ ߼.,  ħ̳   ٿ.,,
neutral,"Գ, ״ ȸ ƴϹ    ħ      վ  ܼ.",   ƴ ȣϰ ּٿ.,,
entailment,Ȱų Ͼ  Ͽ .,ȯ ̵ϴ   ް ּٿ.,,
contradiction,ȴ ų Ͼ Ž Ͽ .,ȯ     ּٿ.,,
neutral,Ⱦ ٴϴ ų ɾư Ͼ Ž  .,ȯ   ּٿ.,,
entailment, 縧   80~90ۿ  ż ޽Ǽ ֻ  8 ¾Ҽ.,ȯ  ̿ٿ.,,
contradiction,    80~90ۿ  ͻ ޽Ǽ ֻ  8 ¾ƺη.,ȯ  ̶ Ͽٿ.,,
neutral,    80~90  Գ ޽Ǽ 8  ¾Ҽ.,ȯ  ּٿ.,,
entailment," ȥ⼺ ɺ̱,  ɹ  ̿ϱ   .",ȯ  ȯ ΰ ּٿ.,,
contradiction,"ȥŹ ɺ̸,  ȹ    ̿ϱ  ַ Ӽ.",  ̶ Ͽٿ.,,
neutral,"  ɺ, ɹ   ̿ϱ  ַ ְ .",̶ ɱٰ  ּٿ.,,
entailment,ȯڴ ߶ ÿ  մϰ η.,ȯ ߶  ߼ٿ.,,
contradiction,ȯڴ ߶   մϰ  ó Ծη.,ȯ ߶   ٿ.,,
neutral,ȯ    ¦ մϰ η.,ȯ ȸ  ް ּٿ.,,
entailment,  ȯ ÿ - [**ǻ **] ȯ ´  浿  ּ.,    ּٿ.,,
contradiction,"  ȯ  - [** ǻ  **]  ȸ ޾  ¿,  浿  ּ.", ȯ  ٿ.,,
neutral,  ȯ  - [**ǻ **]  ȯ ´  浿  ּ.,  ּٿ.,,
entailment,"ӽ   õ ˻    ,  AB Rh(D) 缺, ü , ŵ  ö󽺸 (RPR) , ǳ 鿪 ּ, B  ǥ ׿ , ׶ ׷ Ÿ ⱸ ´ 𸧼.",Ӵ  AB+̿ٿ.,,
contradiction," ¾  ˻ ,  AB 缺, ü , RPR(ŵ) , ǳ 鿪 ּ, B  ǥ ׿ , ׷ Ÿ ⱸ ´   .",ȯ RPR  ּٿ.,,
neutral,"ӽ ʹ  ˻ 㿩 ,  AB Rh(D) , ü , ŵ , ǳ 鿪 ּ, B  ǥ׿ , ׷ Ÿ ⱸ ´ 𸧼.",Ӵ B ⱸ 缺̶ Լٿ.,,
entailment,"    ,  ٸ(޽ǽ   ߼),   ų   .",ȯ ̿ٿ.,,
contradiction,"   ,  ٸ ޽ǿ   ִٰ ߼,   ų  Ŵ .",ȯ   ȣϰ ּٿ.,,
neutral," ߿  , 䵵 ٸ(޽ǿ    ܼ),  йڰ̳   .",ȯ  ȯ ΰ ּٿ.,,
entailment,"Ʊ⿩ ǰ Ǻκ̶ Ҹ ̸ ¿, Ծ̶ ౸  㿩.",ȯ   ̶ Ӽٿ.,,
contradiction,"ƱⳭ ǰ Ǻκ ̸ Ҹ   ¿, ̶ ڿ  㿩.",ȯ ˻  ̶ Ӽٿ.,,
neutral,"ƱⳭ ǰ㳭 ¶ Ҹ ָ, Ծ̶   㿩.",ȯ ̿ٿ.,,
entailment,"    ˻ , ɹ 25% Լ.", ɹ ٿ.,,
contradiction,"    ˻ , ɹ 25% Լ.",  ̶ Ͽٿ.,,
neutral,"  ػ   ˻ , ɹ 25η Լ.",ɺ̶ ɱٰ  ּٿ.,,
entailment," ȯ QRS   㳭,   ӽ  ʿ .",μ  ü ʿ  ǴܵƼٿ.,,
contradiction,"׳  ü   ̽ù, ̹ ӽ  ʿ .",ȯ   Ҿ߼ٿ.,,
neutral,   ü    ̹ ӽ  ʿ .,ȯ  ɾư  ü ȣ  ƿԼٿ.,,
entailment,"½ɽ  ̿ϱ з(LVEDP) 20̱,    з 27̾.", 𼼰  з ̶ Ͽٿ.,,
contradiction,"½ɽ  ̿ϱ з(LVEDP) 20̼,    з 27̾.",ʽɽ ̿ϱ з̶ 𼼰  з ̶ Ͽٿ.,,
neutral,"½ɽ  ̿ϱ з(LVEDP) 20̸,    з 27̾.",󵿸 ȯ ŷ ּٿ.,,
entailment,  ġ ޾ ƹ ٽ ƿԼ.,ȯ 帶 ޾ٿ.,,
contradiction,  ġ ޾ ƹ ٽ ƿԼ.,ȯ ǳ  ȣϰ ּٿ.,,
neutral, 㳭 ġ ޾ ƹ ٽ ƿԼ.,ȯ  Һ ɷȼٿ.,,
entailment," 縧 DNR/DNI ָ̾, ȯ ƴ ȯ   㿩޶ 㿴, CXR    ü  ŷ Ȯεָ ħ  , м  ̾.",ȯ ȣ ԵƼٿ.,,
contradiction,"  DNR/DNI ̿ŵ, ȯ Ƶ ȯ  Ʃ  ְԸ Źܼ, CXR Ͽ      ȮεŽŵ ħ  , 䵵 ˻  ̾.",˻ м   ߰ߵƼٿ.,,
neutral,"״ DNR/DNIָ ȯ Ƶ ȯں  ̼ ְ ش޶  Ź߼, CXR    ü  ŷ Ȯδָ ħ  , 䵵 ˻  ̾.",ȯ   ҷϿٿ.,,
entailment,"ȯڽ ٷ ȯڽǷ Ű,    īе ޾Ҽ.",ȯ Ÿ  ޾Ҽٿ.,,
contradiction,"ȯڳ  ȯ Ƿ  Ű,    Decadron ֻ ޾  ޾Ҽ.",ȯ Ƿ  ʿ ٿ.,,
neutral,"ȯڴ  ȯ Ƿ  Ű,     ī ޾Ҽ.",ȯ  ȯ ΰ ּٿ.,,
entailment,    µ .,ȯ     ް ּٿ.,,
contradiction,  Ͽ    ּ.,ȯ     ּٿ.,,
neutral,  Ͽ  Ⱑ  ּ.,  COPD ΰ ּٿ.,,
entailment,"Կ̶  ,   ٲ   ϰ ߼.",ȯ ü ˻  ̶ Ӽٿ.,,
contradiction,"㳭 ,  긮 ,   ޶  .",ȯ  ΰ ּٿ.,,
neutral,"䵵  ,   ,  ޶ ͵ .",ȯ ˻  ̶ Ӽٿ.,,
entailment,÷  ɹڼ 120 þҾ   80 翩.,ȯ  ɹ ϰ ּٿ.,,
contradiction,"÷  ɹڼ 120 ö󰬰,   80 Լ.",ȯ ɹڼ ̶ Ͽٿ.,,
neutral,÷  ɹڼ 120 öҰ   80 Ҿ.,ȯ  ּٿ.,,
entailment,"ü 캸, ȯڴ , , ̳ ,   ,   ,  ,   , 糪 ,    , ܿ   , ٸ  ų      Ӽ.",ȯ    ̶ Ͽٿ.,,
contradiction,"ü  ,  縧 , , , ,  ,   , , , , ,   , ǿ, ٸ  ų    .",ȯ   ȣϰ ּٿ.,,
neutral,"ü 캸, ̴ ߿, , ̶ ,  ,  , ϴ ,   , , ,    , ǿ, ٸ ̳ ״    .",ȯ ƹ   Ͽٿ.,,
entailment,DVT ŷ ּ?,ȯ ɺ  ּٿ.,,
contradiction,DVT   ּ.,ȯ ɺ  ٿ.,,
neutral,DVT(ɺ) ŷ ּ.,ȯ Ϻ   Ե ּٿ.,,
entailment,"      ,    , ߿ ڱ  ,   , ߸ ״ ,  αٰŸ, ǽ̳ ǽ   .",ȯ   ϰ ּٿ.,,
contradiction,"  ü 信  ,   , ߿ ڱ ,   , ߸ ױ,  Ÿ,     Ҷ    , װ Ư¡̿.",ȯ   ȣϰ ּٿ.,,
neutral,"  ü غ,  ,    , ߿ ȱ  ,   , ߸ ױ,  αٰŸ,  ƴϸ Ҷ   Ư¡̿.",  ̶ Ͽٿ.,,
entailment," Ἦ,  鳻   ,   ,   , ⼮  .",ȯ  Ἦ  ּٿ.,,
contradiction,"ϵ,  鳻   ,    ,   , ⼮    ּ.",ȯ  Ἦ  ٿ.,,
neutral,"ϵ,   鳻  ,  ,  ,   .",ȯ 㸮  ٿ.,,
entailment,"ȯڴ Կ    ÿ ̰ ,  㿴  ʾҴٰ ܼ.",ȯ   ٿ.,,
contradiction,"ȯڴ Կ    ÿ ̰ ػ, 鼭  ʾѴ  ܼ.",ȯ ȭ     ٿ.,,
neutral,"ȯڳ Կ     ÿ ̰ 㿩,   ְ ׷ Ŵ ٰ 㿴.",ȯ ˾ ּٿ.,,
entailment,"  ,  ,  ڱص , ٵ ȿ .",ȯ ǽ 帴ηȼٿ.,,
contradiction,"  ,  ,  ڱ㿩 ҿ .",ȯ ڱ ִϱ  غҾٿ.,,
neutral,״    ڱص ؔfָ ȿ .,ȯ  ľҾ ü ޾ٿ.,,
entailment,[**9-12**] ȯ  Ŀ   並   غη    ǰ  Ȯ ߼.,ȯ  ⼭ ǳ ּٿ.,,
contradiction,"[**9-12**] ȯڴ Ŀ   並   ߼,   ǰ  Ȯ ߼.",ȯ  ȿ    ¿ٿ.,,
neutral,"[9-12] ȯڴ Ŀ      Կ¼, Գ   ǰ  Ȯ ߼.",ȯ ƾ  ִ Ż  ּٿ.,,
entailment,NH      ο ħ ־ Գ  縧 Ʈ(Bactrim) ް Ƽ., X- ˻  ̻ϰ Լٿ.,,
contradiction,"NH    Կ   ο ħ ߰ߵŻ,   Ʈ ް Ƽ.", X-  ٸ Ұ ٿ.,,
neutral,NH ؽ CXR   ο ħ ߰ߵǾٰԳ ׺ Bactrim ó ޾Ҽ.,ȯ  ɷ ּٿ.,,
entailment,"ȯڴ Ʊ ġǸ ãư ׳ ָ, [** ġ **]  ߶  ߰ ˻(Գ ĵ/)  ߼.",׳  ߸  ־ ׼ٿ.,,
contradiction,"ȯڴ  㳯 ġ   ׳ , Գ [** ġ **]  ߶  ߰ ˻(, ĵ/)  ߼.",ȯ Ÿ  ԰ ּٿ.,,
neutral,"ȯڴ     ãư ׳ ׸ָ, [** ġ **]  ߶  ߰ ˻(, ĵ/)  ߼.",ȯ Ͼ    ⸳  ּٿ.,,
entailment,"̽ó ȯ ŷ: ȯ    ̽   ׷, ׳    ݲ ȭ     ػ    ݲ [**Hospital1 170**] ޽Ƿ ߼.",ȯ  󵿸 ı ñ Ǵ ¿ٿ.,,
contradiction," : ȯڴ ̶   մ   ׷, ׳    ݲ ȭ      ۵ǿ    ݿ [**Hospital1 170**] ޽Ƿ 鷷Լ.",ȯ 庴  ϳ ٿ.,,
neutral," ȯ ŷ: ȯں ̶   ̽   ٵ,      ݲ ȭ     ػ    ݿ [**Hospital1 170**] ޽Ƿ ߼.",ȯ 󵿸 ȯ ΰ ּٿ.,,
entailment,ܼ ۷ڽ ü Ƽ.,ȯ 索 ΰ ּٿ.,,
contradiction,ܼ ۷ڽ ü Լ.,ȯ  ġ ٿ.,,
neutral,ܼ ۷ڽ ü Լ.,ȯ ǽ Ҿ ȥ  鰡Ҿٿ.,,
entailment,"  Ʈ ׽Ʈ ޾,  缺 ְ ׷ 翬 ī ˻縦 ް Ƽ.",ȯ 󵿸 ȯ ּٿ.,,
contradiction," 縧 Ʈ ׽Ʈ ޾,   缺̶Ű īȭ   Ƽ.",ȯ Ʈ ˻   Լٿ.,,
neutral,  Ʈ ˻縦 ޾  缺̿Ű Գ 翬 īȭ  ް Ƽ.,ȯ  ȯ ּٿ.,,
entailment,׶ Ʈ ġ 0.475.,ȯ Ʈ ġ ö󰡺Ҿٿ.,,
contradiction,׶ Ʈ ġ 0.475.,ȯ Ʈ  Լٿ.,,
neutral,׶ Ʈ ġ 0.475.,ȯ 忡     ּٿ.,,
entailment,"޽   񰭳ð ˻غ , Ƹ׳̵  󼺹ο  .",ȯ ⵵ ״  ܺҾٿ.,,
contradiction,"޽ ǰ  񰭳ð ˻ , Ƹ׳̵  ĵκο  ߰ߵǾ.",ȯ ð ˻  ٿ.,,
neutral,"޽ ǰ  񰭰 ˻ , Ƹ׳̵尭 밭 󼺹ΰ  .",ȯ   ܺҾٿ.,,
entailment,"   9° ȯڴ  , ɹ д 63ȸ    , ȣ д 18ȸ, ȭ  3ͷ 96%,  122/70 Լ.",ȯ   ȸ  ¿ٿ.,,
contradiction,"  巹° ȯڳ ߿   ɹڼ 63  ȣ  , ȣ , ȭ   Ϳ  ۼƮ, г 122/70 ߼.",ȯ С    ҾϿٿ.,,
neutral,"   9° ȯڴ    ɹڼ 63  ɹ  , ȣ 18ȸ,  ȭ  3 ָ 96%,  122/70 ߼.",ȯ ó  ƹ ּٿ.,,
entailment,"̴ , 㳭 谡 .",ȯ  ּٿ.,,
contradiction,̴    .,ȯ  ϳ ٿ.,,
neutral,"   ƴϷԳ,  °.",ȯ ݽ ̿ٿ.,,
entailment,"   ϰ °  縧 ̿  󵿸 īͰ Եźη, ׶ ɱٰ   ޾Ҽ.",ȯ   ּٿ.,,
contradiction,   ĥ °   ̿  󵿸 īͰ ηٰԳ ɱٰ   ޾Ҽ.,ȯ  ٿ.,,
neutral,"  ϰ °,  ¿Ű ɱ ĵ īͰ ԵƼ, 㳭 ɱٰ   ޾Ҽ.",ȯ  ɷ ּٿ.,,
entailment,"Ʒ,    4 Ƽ.",ȯ Ʒ  ޾Ҽٿ.,,
contradiction,"Ʒ,     Ƽ.",ȯ  ȯ   غüٿ.,,
neutral,"Ʒ,    4 Ƽ.",ȯ ȯ  ξҾٿ.,,
entailment,ռ    ū    Ӽ.,ȯ  ΰ ּٿ.,,
contradiction,ռ    ū    .,ȯ  CT  ٿ.,,
neutral,    Ͽ ū   .,ȯ    Ҿٿ.,,
entailment,"׷ Űܿͽ , 㳭   Ϲ Ӽ.",  Ƿ  ʿ߼ٿ.,,
contradiction,  Ͽ ׷ Űܿ ż.,   غҾٿ.,,
neutral,׷ Űܿͽ    㿵̿.,     Ͽٿ.,,
entailment,"ݱ     , ̰Ž  縧  缭  ̵ Ŷ .",ȯڴ ū Ǽ  ּٿ.,,
contradiction,"     , ̰   缭  ϳ ̵   .",ȯ metastasis()   ٿ.,,
neutral,ݱ  ϴ  ̰Ž   翡 ϳ ̵ Ŷ .,ȯ 4  ΰ ּٿ.,,
entailment,"ٿ    ˻  , 㳭 뵿   뵿 Ǹ  0.7Ƽ̾.",ȯ  Ǹ   ϰ ּٿ.,,
contradiction,"ٿ 㿩    ˻ , Ͽ  뵿   뵿 Ǹ  0.7cm̿.",ȯ  ˻  ٿ.,,
neutral,"ٿ    ˻  ,  뵿  Ȯεư 뵿 Ǹ ̰ 0.7cm2 Լ.",ȯ ɺ ΰ ּٿ.,,
entailment,"̳ Ͼ  ŵ ,   ų  ͵ .",ȯ    ٿ.,,
contradiction," ų   ŵ ,   ų ź ͵ .",ȯ   ٿ.,,
neutral," ŵ , ٷ   ͵ ,   ų ź ͵ .", X- ˻  ٿ.,,
entailment, ȯڴ  Whipple      ȯ NY մ NYP  Ʋ  湮㿴.,ȯ  ؾ Ͽٿ.,,
contradiction,ȯڴ ֱ Whipple    ȯ NY ִ NYP  Ʋ  ٳԼ.,ȯ    ޾Ҽٿ.,,
neutral,ȯڽ ٿ Whipple     NY ִ NYP  Ʋ  ٳԼ.,ȯ 忡  ּٿ.,,
entailment, ڴ    幮幮   ּ.,ȯ    ּٿ.,,
contradiction, ں       ּ.,ȯ    ƴ϶ Ͽٿ.,,
neutral,   ޵    ռ.,ȯ  ΰ ּٿ.,,
entailment,Ʊ ¾ ɹڵ Ҿ     ¿., Ʊ  輺 ٿ.,,
contradiction,Ʊ ¾ ɹڵ Ҿػ    ¿., Ʊ ڿи ¾Ҿٿ.,,
neutral,ƱⳭ ¾  ٴ Ž Ҿ㿩   㿵 ¿.,¾ ͸ Ż ʰ ɹڼ   ٿ.,,
entailment,"[**Hospital1 47**] Կ , ׳ ˻ CT   ȥ  ο ϼ  ִ ŷ ȮεǾ.",ȯ Ż(츣Ͼ) ܺҾٿ.,,
contradiction,"[**Hospital1 47**] Կ 㳭 , ˻ CT ¦  ȥϱ ¦ ο ϼ  .",ȯ MMSE  ٿ.,,
neutral,"[**Hospital1 47**] Կ ,  縧 ˻ CTּ ¦ ο ̶ ¦ ο ϼü  .",ȯ  ۾ȼٿ.,,
entailment,̴ ¦ ٸ    ް [**3434-12-2**] [**Hospital6 3057**] Կ߼.,ȯ  ٸ  ٿ.,,
contradiction,׺ ¦     [**3434-12-2**] [**Hospital6 3057**] Կ߼.,ȯ   ƴ϶ յٿ.,,
neutral,׺ ¦ ٸ    [**3434-12-2**] [**Hospital6 3057**] Կ㿴.,ȯ  η  ּٿ.,,
entailment,"  ,      غҾ.",ȯ ˻翡 Ǻ  Ұ ߰ߵźηȼٿ.,,
contradiction,"  Ϲ,  ּ    ־.",ȯ ü ˻翡 ٸ Ұ ٿ.,,
neutral,"ı  ,     Լ ־.",ȯ  ɷηȼٿ.,,
entailment,"  ƴ  , ",ȯ Ƶ ּٿ.,,
contradiction,"׳ ƴ γ, γ",ȯ Ƶ ٿ.,,
neutral,"  ƴ  , ", Ƶ  Ǻ οٿ.,,
entailment," 縧 ӽ  ,      ߴ 28쳭 ۰ ¿, ¾ ˻  B 缺, ü , ŵ , ǳ 鿪, B  ǥ׿ , ׷ B ⱸ Ȯ̾.",ȯ  Żƿٿ.,,
contradiction,"´ 28 G1, Ķ 0-3 ۰Լ ¾, ¾ ˻  B 缺, ü , RPR , ǳ 鿪, B  ǥ ׿ , GBS   .",Ӵ B  ɷּٿ.,,
neutral," Ʊ   G1, Ķ 0-3 ۰Լ ¿, ¾  ˻翣 B 缺 , ü , RPR , ǳ 鿪, B  ǥ ׿ , ׶ GBS Ȯ  ־.",Ӵ ǳ  ¾ƺҼٿ.,,
entailment,"⼺ȯ, ,   , ߽Ű   Ĺȯ     ͽ Ŷ ,  Դ ߿ ܽ , ̿ϱ ɺ, 󵿸ȯ, ɹ漼, , ,  鹫ȣ( CPAP  ߵ), ߼ ΰ󼱱Ÿ D 25   ܽ ŵ,  ٹ߼  ̶ ẹ 󼱱, Ż 쳻    Ǹ Ͽ ּ.",ȯ BMI ġ ٿ.,,
contradiction," ⼺ ȯ ְ ,  ̶, ߽Ű   ļȯ     ޾ ֵ ְ,  Դ ߿  , ̿ϱ ɺ, 󵿸ȯ, ɹ漼, ̶ ,  鹫ȣ( CPAP  ߵ), ߼ ΰ󼱱̶ 25-Ÿ D   ż,  ٹ߰ ̶ ẹ 󼱱, Ż 쳻    Ǹؽ ű ּ.",ȯ    ޾  ٿ.,,
neutral," ⼺ ȯ, ,  , ߽Ű   ļȯ     ޾  ,  Ծ ϸ  浿 , ̿ϱ ɺ, 󵿸ȯ, ɹ漼, , ,  鹫ȣ( CPAP  ߵ), ߼ ΰ󼱱/Ÿ D    ŰἮ,  ٹ߰ ̶ ẹ 󼱱, Ż 쳻    Ǹ  ּ.",ȯ  Ǽ ־  ּٿ.,,
entailment,ȯڴ ǥ   ޼ ȣ  .,ȯ ڱ   غηȼٿ.,,
contradiction,ȯ ǥ   ڱ    .,ȯ     յٿ.,,
neutral,ȯڴ ǥ  ڱ    Ͼ.,ȯ DVT  ּٿ.,,
entailment,ȯڴ ǥ ϳ ޼ ȣ  .,ȯ  ٿ.,,
contradiction,ȯڴ ǥ  ޼ ȣ ͻ Ἥ .,ȯ   ƴ϶ յٿ.,,
neutral,ȯڴ ǥ Ͽ ޼ ȣ ſ Ἥ η.,ȯ  ּٿ.,,
entailment,ȯڴ  ⵵ ȯ ΰ ְ  㿴.,ȯ COPD õ ΰ ּٿ.,,
contradiction,ȯ  ⵵ ȯ  ִ  㿴.,ȯ   ٿ.,,
neutral,ȯڴ  ⵵ ȯ ְԶ  ܼ.,ȯ Ա  ּٿ.,,
entailment,ſ Ŭ̵  ŷ Ƽ.,ȯ   ξҼٿ.,,
contradiction, Ŭ̵  ִ  ߼.,ȯ   ϳ ٿ.,,
neutral, Ŭ̵ƿ ɸ  ־ٰ ߼.,ȯ  ƹ͵  ̿ٿ.,,
entailment,"̹ Կѿ ó ޽ 鷷 ,  ü¡Ĵ ̷߼: ü 100.1, ɹڼ 133,  118/77, ȣ 14,    ȭ 96%.",ȯ ƹ   ּٿ.,,
contradiction,"̹ Կ  ó ޽ ͽ ,  üȣ ̷߼: ü 100.1, ɹڼ 133,  118/77, ȣ 14, ȣ(RA) ȭ 96%.",ȯ ¡ ٿ.,,
neutral,"̹ Կ  ó ޽ 鷷 ,   Ȱ¡Ĵ ̷ Լ: ü 100.1, ɹڼ 133,  118/77, ȣ 14, 뿡 ¼ ȭ 96%.",ȯ   ּٿ.,,
entailment, ֱٿ  ȯڴ [**Hospital1 5908**] Ȱ Ű.,ȯ  ġᰡ ʿϿ.,,
contradiction, ֱٿ  ȯڴ [**Hospital1 5908**] ȰͰ Ű.,ȯ   ġ ʿ .,,
neutral, ֱٿ  ȯڴ [**Hospital1 5908**] Ȱͷ Ű.,ٰݰ ջ ּ.,,
entailment,[**6-11**] īȭ  Ȯε ߵ ƮǸ  4+ 1+ 뵿Ǹ ҿ  Ÿ.,ȯ ɺ ΰ ּ.,,
contradiction,"[**6-11**] ī ˻ 뿡 Ȯ㿩, ߰  ƮǸ  4+̶ 뵿Ǹ ҿ  1+ .",ȯ  ̶.,,
neutral,[**6-11**] īȭ 뿡 Ȯε ߵ īȭ 4+ Ʈ Ǹ  1+ 뵿Ǹ ҿ ⸦ ݼ.,ȯ    ȣ ް ּ.,,
entailment, 縧 츶׸޽ý() ¡ .,    ߼.,,
contradiction,׳  .,   ϰ ־.,,
neutral,׳   ʾҼ.,  忰 ξƺҼ.,,
entailment,"޽Ǽ ȯڳ  ȣ  ̽ø, ɹڼ .",ȯ  ȣ ް ּ.,,
contradiction,"޽Ǽ ȯڴ  ȣ ̸ ־, ɹڼ .",ȯ   ӵ ̶.,,
neutral,޽Ǽ ȯڳ  ȣ ̸ ɹڼ .,ȯ  ڵ ̶.,,
entailment,       ־.,  ٸ    ־.,,
contradiction,  ٸ   ־.,ٸ   .,,
neutral,   ٸ Ӹ ʿ  ־.,ȯ   ּ.,,
entailment,"     ¸ ߼,  ī ˻  [**Hospital1 47**] Ű.",ȯ    ƴ϶ յ.,,
contradiction,"׳   ȥ  ¸ Ѹ,  ī ˻  [**Hospital1 47**] Űη.",ȯ   .,,
neutral,      [**Hospital1 47**] ̼۵ǿ  ī ˻縦 ޾Ҽ.,ȯ   ̶.,,
entailment, ڴ      ּ.,ȯ  ϰ ּ.,,
contradiction,׳      ּ.,ȯ  ް ּ.,,
neutral,       ռ.,ȯ C. diff Ƽ.,,
entailment,"׺ ޽ǿ   ٴ ( asystolic arrest) ߰ߵ Ʈ  ̳ ޾,  Ϸ ɽǼ arrest ٲ  ڿ ɽ  ߼.",ȯ һ ޾Ҽ.,,
contradiction,"޽ǿ  縧  ڵ  ä ⸦ ޾, Գ Ʈ Ͽ ָ ɽǼ ٲ ٽ ɽǺ ٲ.",ȯ (EEG) ̶.,,
neutral,"޽ǿ  縧   ޾, Ʈ ֻ Ͽ ¾ƻ ɽ  ٲγ,  ڿ ɽ   ٲҾ.",ȯ ST  ɱٰ ޾ηȼ.,,
entailment,"̶ ٰ ּ, 1     ̶ ȿ  żϰ 缱 ġ [2510] ޾Ѽ, ʿ ־   ޾Ѽ, Ƽŧ ּ, ƼǸ  Ȳ˱(MRSA)  ִ  ּ,  ߼, ڱðζ ڱð ô(D&C) ߼, 峻ð     ߼.",  ּ.,,
contradiction,"̶ ٰ, 1  ¦ ̶ ȿ͸ ż  缱 ġ [**2510**] ޾  ʿ̶   ޾Ҽ, 극Ƽŧϰ MRSA  ִ ŷ, , ڱð  ڱð  ־, 峻ð  4  ŵ ߼.", ȯ  .,,
neutral,"̶ ٰ, 1        ȿ  ̶ 缱 ġ [2510], ׳,   , 强, ƼǸ  Ȳ˱ , , ڱðζ ڱð , 峻ð      ̷ ռ.", Ż ּ.,,
entailment,"׺  ŭ ź  д ̾,     ȭ  ۼƮ.",    ӵ .,,
contradiction,"   ȣ  ־ְ,   ̿,  Ϳ ȭ  ۼƮ.",  ¡Ķ ȭ ̶.,,
neutral," ô  ȣ ź ־, ȣ 24,  4Ϳ ȭ 96%.",  COPD ΰ ְ  ǿ ̷µ ּ.,,
entailment,     ޶  .,ȯ 躯  Ǿ.,,
contradiction,ٿ ̳    ȭ .,ȯ    ް ּ.,,
neutral, ̳    ޶  .,ȯ ΰ .,,
entailment,"CT/    Ϻ 󿱿  Ÿ  ,  B   1cm    ȮεƼ.", ˻翡 ̶ COPD   ȮεƼ.,,
contradiction,"CT/  Ű  Ϻ  ְ,  , B   1ġ ũ  ̽ø, 㳭  ȮεǾ.",ȯ   ̶.,,
neutral,"CT/    Ϻ󿱿  ȮεǸ,  Ȯ  Ǹ,  B 1Ƽ ũ  ߰ߵǸ   ȮεǾ.", Ż ּ.,,
entailment,Ư  ȯڴ ٽ [**Hospital1 18**]   Կ   ռ [**1-6**]., ּ.,,
contradiction,"Ư, ȯڴ ٻ [**Hospital1 18**]     [**1-6**] Կ  ּ.",  .,,
neutral,"Ư, ȯڳ  [**Hospital1 18**]   Կ  ּ.",ȯ  ξƺҼ.,,
entailment,"60  ȯڽŵ ŷ¿ DVT(ɺ), HIV(ΰ鿪̷̹), Hep C( C), HCC(), RCC(ż) ּ  ̵ ּ, Ʋ  ̹  ޾ƺҾ,   ̶   ȣ Ű   .",ȯ ĵ  ̰ ּ.,,
contradiction,"60  ȯڵ  ɺ̶ HIV, C , , ϼ  ޾ְ ε Ҿ, Ʋ  ̹ ġᵵ ޾Ҽ,     ϸ Ű    .",ȯ ĵ  ϳ .,,
neutral,"   ȯڽŵ,  ¿ ɺ(DVT)ϰ ΰ鿪̷̹(HIV), C (Hep C), (HCC), ż(RCC) ּ ε  ¼, ̹ ġḦ ޾Ҽ( ġ Ʋ  ޾Ҽ),  ̶   ȣ, Ű   ټ.",ȯ 缱   ĵ ΰ ּ.,,
entailment,"ȯڳ  ߼, ߰   Կܼ.",ȯ   Ǿ.,,
contradiction,"ȯڴ  ̿, ߰  Կ߼.",ȯ  .,,
neutral,"ȯ  ,    Կ߼.",ȯ   ƴ϶ Ͽ.,,
entailment,  öγ ӽ η.,   ּ.,,
contradiction,ü  а ӽ η.,    ȿ .,,
neutral,  ö ÷ ӽ η.,װ ڰ ־.,,
entailment,"  [****] Ȱͷ [**2926-7-27**] ϰ,  Ǯ  Ȳ ӿ  ΰȣ⿡  ־.",ȯ ݺ   ߿ ް ּ.,,
contradiction,"׺ [** **] Ȱͷ [**2926-7-27**] 㿳ָ,  ڲ Ÿ  ΰȣ⿹  ־.",ȯ    ¿.,,
neutral,"׺ [**2926-7-27**] [****] Ȱͷ ϱ ָ, Ǯ    ΰȣ⿡ ϸ ־.",ȯ   ΰ ּ.,,
entailment,"82  ȯڼ, ׷ı̶ ̶  ̶  ΰ ռ      Լ.",ȯ   ް ּ.,,
contradiction,"82쳭  ȯڿ, ׷ı̶ ,  ,   ּ,    Ÿ.",ȯ   ̶.,,
neutral,"82  ȯڽŵ ׷ı̸ ̸  ̸   ,      Ӽ.",ȯ     Լ.,,
entailment,"޽Ƿ ű,     Ѱ Ʒ    .",ȯ   .,,
contradiction,"޽Ƿ ,  縧     ص  ̰  η.",ȯ    ƴ϶ յ.,,
neutral,"޽Ƿ ű,  縧      Ѱ   η.",ȯ ޼ ɱٰ ΰ ּ.,,
entailment," 縧 PRBCs 4̶ NS 3ͷ ׷  ġ ޾Ҽ, PRBCs Packed Red Blood Cells Ӹ̿    ǰ ϰ, NS Normal Saline Ӹ̿  Ŀ , ̰Ŵ ȯ ׷ ȸϴ  ְԸ.",  ü  ġ ޾Ҽ.,,
contradiction,׳ 4  (PRBCs)  3   Ŀ(NS)  뷮  ޾Ҽ.,  ߰ м ʿ .,,
neutral,"  PRBCs 4̶ NS 3ͷ 뷮  ޾Ѽ, PRBCs 'Packed Red Blood Cells' ڸ    ̶, NS 'Normal Saline' ڸ  Ŀ ̶.",   .,,
entailment,ȯڴ   ȥ ̸  ٰ ȮεǾ.,ȯ  ܺηȼ.,,
contradiction,ȯ    ȥ ̿   Ž ȮεǾ.,ȯ ˻  ̶.,,
neutral,ȯڴ    ȥ ¿   ŷ ȮεƼ.,ȯ CT  ̶.,,
entailment,"[**Ȯε ȯ  35912**] 84 ׷, 10  ҰŸ  ִ ȯ(PVD)̶ ܹ  ּ, ٵ  ĥ    پ Ÿ ˾ë.",ȯ ҰŸ   ηȼ.,,
contradiction,"[**Ȯε ȯ  35912**] 84 ׿,       ȯ(PVD)  ޾Ҵ ŷ ּ,  ĥ    پη  ˾ë.",ȯ ȴ   .,,
neutral,"[**Ȯε ȯ  35912**] 84 ڰ, 10   ޾Ҵ   ̴ ȯ(PVD) ŷ ռ,   ٻ ĥ ɾδ  پη Ÿ ˾.",ȯ ƿ  ܺηȼ.,,
entailment," Կ  ִ   ػ     Ҿ,      ,     ϰ ֿ     ־, TIPS(ư Ʈ)  ־ ˸° Ǿ.",ȯ  ȯ ּ.,,
contradiction," Կؽ   ܿ ¦    ¦    ȮεƸ,  ¦ ̶ ֹ  Ʈ ־ TIPS(ư Ʈ)  Ʈ   .",ȯ   ̶.,,
neutral," Կ     ,  ̶      Ҿٸ, Գ    κ̶    Ʈ վŵ TIPS(ư Ʈ) ˸°    Ǿ.",ڿ  ּ.,,
entailment," 縧 [**Location (un) 18**] ٱ    Ŀ 2 Ƽƹ, , ߺŸ, ī̿Ʈ, ȭĮ, ν, īƮ  ޾Ҽ.",ȯ  ¿.,,
contradiction,"  [**Location (un) 18**]    츰 2, Ƽƹ, , ߺŸ, Kayexalate, ȭĮ, ν  ī긦 ¾Ҽ.",ȯ    ƴ϶ յ.,,
neutral,"  [**Location (un) 18**] ִ ٱ   츰 2, Ƽƹ, , ߺŸ, Kayexalate, ȭĮ, ν, ȣ ī긦 ¾Ҽ.",ȯ ڿ ߵ ¿.,,
entailment,ȯڴ  Ʃ  ޾Ҽ.,ȯ ȣ Ʃ  ޾Ҽ.,,
contradiction,ȯڳ 忡 Ʃ ޾Ҽ.,ȯ ȣ  ʿ .,,
neutral,ȯڳ 弭 Ʃ  ޾Ҽ.,ȯ ȣ  ¿.,,
entailment, ̴ ڱ Ը̶   ٰ ߼.,ȯ    ̷ ּ.,,
contradiction,   ̶   ÿ ϸ .,ȯ  ٰ .,,
neutral, 縧  ̶    ٰ ߼.,ȯ  ٰ Լ.,,
entailment,    ༭  ̿.,ȯ Կغηȼ.,,
contradiction, Ž    ༭  ſ.,ȯ Կ  ߼.,,
neutral," ༭ 㿴, Ʒ  س.",ȯ ޼ 󵿸 ı Կغηȼ.,,
entailment, Ƿ ̷¿ [**12-19**] ƮŰ   ŷ 㿩 ּ.,ȯ (ƮŰ) ޾Ҽ.,,
contradiction, Ƿ ̷: [**12-19**] ƮŰ   ŷ ߿ ϵ ּ.,ȯ ȣ  ̶.,,
neutral, Ƿ ̷: [**12-19**] ƮŰ   ŷ ߿ ϵ ռ.,ȯ COPD ΰ ּ.,,
entailment,  縧 Ͽ   ħ뼭 Ͼ ߼.,  ȴ ɷ .,,
contradiction,  Ͽ   ħԼ Ͼ ߼.,    ּ.,,
neutral,  縧  Ͽ  ħ뼭  Ͼ.,   ޽  ּ.,,
entailment,"[**Ȯε ȯ  11376**] ģ   ڽŵ,  ޸   ü ̶ 󵿸 ȸ ̽     ãƿ̼.",ȯ CAD(󵿸ȯ) ΰ ּ.,,
contradiction,"[**Ȯε ȯ  11376**] ģ 73 ̸,  ̿ 뵿Ǹ ü ̶ 󵿸 ȸ ̽  ְ ġ  Ͽ.",ȯ    .,,
neutral,"[**Ȯε ȯ  11376**] Ͽ  73 ڽŵ,   ƮǸ üϴ ̶ ġ 󵿸 ȸ ̽  㷯    ̼.",ȯ ʵȯ ּ.,,
entailment," 縧  Ϸ翡      ȮӼ, װ  Ȯ Ӽ.",״   ϰ ּ.,,
contradiction,"   Ϸ翡 Ƶ   غη ְԽŵ, װ    Һη .",״    յ.,,
neutral,"   Ϸ翡 ϳ  ٲ Ȯ߼, 㳭 װŽ  Ȯ ߼.",״    ް ּ.,,
entailment, ڴ ̹       ־ ŷ .,ȯ 帶 ޾ηȼ.,,
contradiction, 縧 ̽ó    Ͼ    մ ŷ .,ȯ 帶  .,,
neutral, ڴ        ִ ɷ .,ȯ     ջ Ծηȼ.,,
entailment," 縧   ,  ,    ̳   .",ȯ ROS  ̿.,,
contradiction,"    ų   ,     ų ħ .",ȯ  ΰ ּ.,,
neutral,"    ,  ,      , ƴϹ  Ÿ ְ յ.",ȯ ü˻  ̶.,,
entailment,"     ϸ, װ İ Ȯ غ ϴ  ĥ ŭ Ӹ   ϴ.",ȯ  .,,
contradiction,"     Ͽ, װ  и ޶ ϸ    Ž    Ͽ.",ȯ    ƴ϶ յ.,,
neutral,"    ְԸ ,  Ƿ Ǯ Ϲ ٰ  Ϲ   ٲ ߼.",ȯ  ¿.,,
entailment,"     ػ ̳ ,   ų ڱ ӵ  .",    Ʊ Ҽ.,,
contradiction,"    ػ ¡ ,   ų ڱ   ϳ .", и ̾.,,
neutral,"     ػ ¡ĳ , 縷  ų ڱ ൵ .",   ñ ż Ʊ Ҽ.,,
entailment,"ȯں ̰ Ʃ긦 ҷ  ׸ ĵ,  ڼ  ˷.",ش ȯڴ  ȣ  ʿ߼.,,
contradiction,"ȯڴ ̽ó    ׸  ̸,  ڼ  ˷.",ȯڴ   Ʃ  ޾ƺ  .,,
neutral,"ȯڴ ̽ó Ʃ긦 η  ߴ İ, ߰   Ͽ.",ȯ ܻ Ծηȼ.,,
entailment,ӽ 밭 ӽ    ¾ ܿ  Ῡ Ȯػ η.,¾ ߴ ̾.,,
contradiction,ӽ 밭 18 뿡    Ῡ̶  õ   η.,ӽ  ʾҼ.,,
neutral,ӽ  18   ¾ ܿ   ߰ߵǿ Գ η.,¾Ʊ   ɼ ּ.,,
entailment,"ȯڴ ֻ縦 ߴ ֿ Ľ 10mg    ޾, Һ 龾 ߼.",ȯ   ϰ ּ.,,
contradiction,"ȯڴ ֻ ׸   Ľ 10mg   ֻ ¾, ׿  500cc ü.",ȯ   ۵ ϰ ּ.,,
neutral,"ȯڴ ֻ γ ֻ Ľ 10mg   ¾ƺη, Գ  500cc η.",ȯ  ʹ  ¾Ҽ.,,
entailment,װŽ ̶  ־.,ȯ  긮 ּ.,,
contradiction,װŵ ϰ  㿩 ־.,ȯ    긮.,,
neutral,װŽ    ־.,ȯ   ּ.,,
entailment,"ȯ [**1-31**]   Ŷ    ħ,  ȣ   ܷ  Կ߼.",ȯ   ̰ ּ.,,
contradiction,"ȯڴ [**1-31**] ȣ,  ħ, ׶ 鹫ȣ  ܷ Կ߼.",ȯ   ϳ .,,
neutral,ȯ [**1-31**] ¼ ȣ̶  ħ̶  ־   Կ߼.,ȯ  ΰ ּ.,,
entailment,"  峻  Dr. [**Last Name (STitle) 295**]Ե  ޾Ѽ,      ħ ü   ߼.",ȯڿ ¸  ƴϸ   Ÿ ּ.,,
contradiction,"   峻  [** (STitle) 295**] ڻ԰Ե Ḧ ޾,       ġȯ ؾ Ѵٰ ߼.",ȯڴ ƹ  ̸ .,,
neutral,"׻ 峻 [** (STitle) 295**] ڻ׵ Ḧ ޾,  ڻ ׻  ġ ü  ޾ƾ    㿴.",ȯڴ  ΰ ּ.,,
entailment,ݷν  ´  Ƽ.,ȯ ſ   ޾Ҽ.,,
contradiction,ݷν   ̽ó °  ƿԼ.,ȯ  ̷ .,,
neutral,ݷν ؽ  ּٸ ̽ó  ּ.,ȯ   ּ.,,
entailment,"׾  ġ 繫ǿ ȭ , ż ˻   Ŀ ߰ߵƼ.",״  õ ܹ޾Ҽ.,,
contradiction," 縧  ġ 繫Ƿ ȭ , ¦ ˻ ޾   Ҿ Ű ߰ߵźҾ.",״ ȭ ̻ ٰ ȮεƼ.,,
neutral,"   ġ 繫ǿ ȭ ޼, ż ˻ ޾  忡   Ŷ 巯.",״ Խǿ  ּ.,,
entailment,"и  ۵Ƽ, и 밭  ð  縷   Ƽ.",ȯ и  Ƽ.,,
contradiction,"ػ  غγ,   ð   ķ ػ  Ƽ.",ȯ  ߼.,,
neutral,"и  ۵ư,   ð     и źη.",ȯ ʻ ߼.,,
entailment, 縧  ġ ̼ϴ   ̾.,ȯ  ġ   ѿ ɷ ּ.,,
contradiction, 縧  ġ ű  밭 ̾.,ȯ  ġ öηȼ.,,
neutral,׺  ġ ̼    ̾.,ȯ   ּ.,,
entailment," 縧 ħ  걸  ǿ, Գ  ڿ ̸  ޱ ؼ.",ȯ   ް ּ.,,
contradiction," 縧 ħ 걸  ְ,  ڿ 㳭 ̸ ޱ ߼.",ȯ  ƴ϶ Ͽ.,,
neutral,  ħ   걸 غ Ŀ    ߼.,ȯ   ΰ ּ.,,
entailment,CT  4 [** ġ **]  ̽ø   ܺη.,ȯ  ȿ  ּ.,,
contradiction,CT   4 [** ġ **]  ó   ּ.,ȯ CT  ̶.,,
neutral,CT   4 [** ġ **]  ְ   .,ȯ  ޾ηȼ.,,
entailment," ȯ  191/120̾, ɹڼ 102,   ¼ ȭ 91%ٸ 2 Ҹũ ֹ 98% ö󰬼, ߿  .",ȯ  .,,
contradiction," 縧  191/120̿ ɹڼ 102, 뿡 ȭ 91ۼƮŸ  ĳ   ִ 98ۼƮ ö󰬼,    .",ȯ  .,,
neutral," 縧  191/120̿, ɹڼ 102, 뿡 ¼ ȭ 91%ŵ 2  ũ  98% ö󰬼, ߿  .",ȯ  ȯ  ּ.,,
entailment,"ȯ      ָ,    ϸ     ¼ٸ  Ʈ  ٽ  Ա  īε ϱ ߼.",ȯ    ¿.,,
contradiction,"ȯں Ͽ Ƴ    ڸָ,    밭   ְ, ٵ  Ʈ  ٽ  Ա  īε  غη.",ȯ ̳ ๰   ٰ Ͽ.,,
neutral,"ȯ  ð ξ   ľ  Ѱ谡 ָ,  縧  Ϲ,      ְ,  Ʈ ð ٽ  ø ī  غη.",ȯ ߵ ¿.,,
entailment," 縧  ϴ  ڶָ,  γ Ŀ   3 򰡵Ǿ.",   ΰȣ  Ʃ  ޾Ҽ.,,
contradiction," 縧  ־ Ͽ   ָ,   Ŀ   縧ð (A&Ox3) ̾.",       Ҿηȼ.,,
neutral,"   Ǵ   ָ,    Ŀ   3 򰡵Ǿ.",     ־.,,
entailment,Ӹ ģ  ., Ӹ ģ  .,,
contradiction,Ӹ ģ  .,  ּ.,,
neutral,Ӹ ģ  ٰ ., .,,
entailment," ȯ: ȯ  ϰ ü ߿ ̷µ ̽ø, ¸   ̽ó, [**˷ ȯ **]   ġ ޾Ҽ.",ȯ ׻ ġ ޾Ҽ.,,
contradiction," ȯ: ȯ  ɰ Ŷ ü ߿,  ¸ ȥ ſ    [**˷ ȯ **]   ġ ޾Ҽ.",  .,,
neutral," ȯ:    ɰ Ŷ ü ߿,  ¸  , [**˷ ȯ **]   ġ ޾Ҽ.",  ־.,,
entailment,    µ   Ƽ.,ȯڿ ݵ  ּ.,,
contradiction,   ܿ   Ƽ.,ȯ CT ˻  ̿.,,
neutral,Ⱦܱ      Ƽ.,ȯ   ּ.,,
entailment, 縧 ĺ ̽ó ޾    ٰ Ǵ Ƽ.,ȯ  ȣ ް ּ.,,
contradiction, 縧 ȯ  ̽ó ް ִ    ƴٰ ǴܵƼ.,ȯ   ȯ .,,
neutral,׳  ȯ ׳డ  ް ִ    ٶ ǴܵǾ.,ȯ  ּ.,,
entailment,"  ߼ ̶  ˻  缺 ͻ [**Month (only) 115**] ٽ īͽǷ Ƿ,  ˻翡 40-50% Ĺϰ, 30% ְ, 60-70% ϰ, 50% ȯ, ׸ 60% ʸ   ߰ߵƼ.",ȯ ٹ߼ 󵿸 ȯ  ּ.,,
contradiction," 縧  ̶ 缺   ˻  [**Month (only) 115**] ٽ īͽǷ Ű,  ˻缭 Ĺϰ(PDA) 40-50%, ½ֵ 30%, ϰ(LAD) 60-70%, ȯ 50%, (OM) 60%  ߰ߵƼ.",ȯ 󵿸 ̶.,,
neutral," 縧 ߼   ˻簡 ̿Ű [**Month (only) 115**]   īͽǷ Ű  ˻缭 40-50% Ĵൿ(PDA), 30% °󵿸(main), 60-70% ൿ(LAD), 50% ȯ(circumflex),  60% (OM)  ߰ߵǾ.",ȯ  ⷮ ηȼ.,,
entailment,"   ź(CRI), ĵ ȯ(GERD), (HTN), ,  Ἦ(renal calculi) ּ.",ȯ   ȯ ΰ ּ.,,
contradiction,"   ź(CRI), ĵ (GERD), (HTN), , ϵ(renal calculi) ռ.",ȯ  .,,
neutral,"  ó,  ź(CRI), ĵ ȯ(GERD), (HTN), ,  Ἦ(renal calculi) ּ.",ȯ 㸮  .,,
entailment," ȯں 83  ں̼,  ¦ ÷罺 ġ  Ǵ ˾  ּ, Dr.[**Name (NI) 13252**] Ŭ 뿡 Կ߼,    ̶ Ʈ Լ ϰ ȹ ּ.",ȯ ٸ ó Ծηȼ.,,
contradiction, ȯڴ 83쳭 ŵ      ˾ ּٸ Dr.[**Name (NI) 13252**] Ŭ  Կغη  ǹ ̶ Ʈ ִ  ȹ ּ.,ȯ  ȯ  .,,
neutral," ȯڰ 83쳭 ں̽ŵ   ÷罺    ˾  ּ, Dr.[**Name (NI) 13252**] Ŭ  Կػ    ̶ Ʈ Ա  ȹ 㿩 ּ.",ȯ 索  ּ.,,
entailment,"ȯڴ ޷, ڸ̽, Ʈ   ް, ߰ ġ  ȯڽǷ Կ߼.",ȯ  ׻  ޾Ҽ.,,
contradiction,"ȯڴ ޷, ڸ̽, Ʈ    ޾Ҽٸ,  ġ Ͽ ȯڽǷ Կ߼.",ȯ ׻ ġ ް  ߼.,,
neutral,"ȯڴ ޷, ڸ̽, Ʈ   ޾ӰԳ, ߰ ġ  ȯڽǷ Կ߼.",ȯ 鿪  ηȼ.,,
entailment," ȯ ŷ: ȯڴ 79  系, 󵿸ȯ̶ ⼺ȯ(COPD), ,   ְ,  Ϲ     ޾  ¶ Ͽ.",ȯ     ּ.,,
contradiction," : ȯڴ 󵿸 ȯ, ⼺ȯ(COPD), ,    ȩ   糪̼,      ¶ ϸ ߼.",ȯ ̳  ȯ .,,
neutral," ȯ 󵿸ȯ̶ ⼺ȯ(COPD), ,   ְ,  79  糪̽ŵ,      ¿  ־ְԸ.",ȯ   ġ ް ּ.,,
entailment,"ROS ȯڴ  ĥ   N̶ V ޾ٰ ܼ(Ǵ ), HD   ּ.",ȯ ü öηȼ.,,
entailment,丮ī  .,ɳ  ̻    .,,
contradiction,丮ī  ., ˻翡 ɳ    ȮεƼ.,,
neutral,丮ī  .,ȯ   ƴ϶ Ͽ.,,
entailment,"Ҵ , H. pylori  PUD(̶ ˾) ξҴ ŷ ּ,   A  ξ  ġ ޾Ҵ  ּ,   ŵ ξ  ġ ޾Ҽ,  ڿ 30Ⱓ  Ǵ [**2906**]⿡ η.",ȯ    .,,
contradiction,"Ҵ , H. pyloriϸ PUD   ,     A Կġ ޾,    ε Կġ ޾,  ڿ 30ѳ ǿְ [**2906**]⿡ .",ȯ  ̷ .,,
neutral,"Ҵ Ӽ, H. pylori ϱ ˾ µ ּ,     A Կ ġ ޾Ҽ,    ε Կ ġ ޾Ҽ,  ̸ 30ѳ   ǿ, [**2906**]⿡ ݿ߼.",ȯ  ɷȼ.,,
entailment," Ʊ ɹڼ ͸ 㳭 ߿   ̶  پ , ı  ſ,     ƺη.",ȯ ¾  ڵ ҾϿ.,,
contradiction,"¾ ɹڼ ͸ غ   ̶  پ ,   ӱ ͽŰ, Գ     иְԸ.",ȯ ¾  ڵ ̶.,,
neutral,"¾ ɹڼ ͸ ġ   ̰  پ, ׶ ı ӵ  Գ     Ʊ⸦ Ҽ.",ȯ ƿ.,,
entailment,"   ò ӽ Ű,  Ϸ и   Կ     ޾Ҽ.",ȯ ӽ Ⱓ    ּ.,,
contradiction,":     ӽ̿, и ӹϸ ӽż  Ͽ ö и    Կ߼,     ޾Ҽ.",ӽ  ʾҼ.,,
neutral,"     ӽ  и   Կػ ̿   غη, ӽ   η.",ȯ ӽ  ܹ鴢 ޾.,,
entailment, 縧   㿩 Ƿ  θ ּ.,ȯ ȯڽ ־.,,
contradiction, ڴ  · Ƿ  ҷ ռ.,ȯ  ҾϿ.,,
neutral,׳  · Ƿ  θ ޾ ּ.,ȯ  ΰ ־.,,
entailment," ȯڳ   ü Ŀ  ״ վָ,  η.",ü    .,,
contradiction, ȯ Ž ü   Ŀ    ä ־  ¼.,ش ȯڴ ü    ¿.,,
neutral," ȯ,   ü Ŀ  ä  ־ָ,  ¼.",ȯ ü ߿   Ҿηȼ.,,
entailment,"ȯں       Ҿ ԰, ٿ       ϵ ־µ, ̰Ž    ̾ ּ.",ȯ   ߶  ޾ηȼ.,,
contradiction,"ȯڴ       Ҿ ԰,  ֱٿ      ٶ  ּٸ, ´   ״ Ǹ ּ.",ȯ ̴ ̶.,,
neutral,"ȯڴ       Ҿ    Ѿ ϵ ־,  ´ ũ    ״ Ǹ ּ.",ȯ    ּ.,,
entailment,B) : ȯ    ߼.,ȯ   ϰ ּ.,,
contradiction,B) : ȯ    ȿ ̾.,ȯڴ ͸    ¿.,,
neutral,B) : ȯ    ȼ   ּ.,ȯڴ  ø   ԰ ּ.,,
entailment,"[**5-26**] [**State 53**] ' Ʈ ɾƺη   '  ȯڽǿ Կ, Ÿĳ   ߰ߵְ,    Ϸ  ԰ ־ָ    ԰ ּ.",  .,,
contradiction,"[**5-26**] ""[**State 53**] ' ɿ Ʈ ɾִ  '    Ÿĳ   ߰ߵ ȯڽǷ Կ߼, װ   ԰ ־ָ    ԰ ּ.""",  .,,
neutral,"[**5-26**] ""[**State 53**] '  Ʈ   ' ϴ  Ÿĳ   ߰ߵǿ ȯڽǿ Կ߼. װſ ϳ ๰ġ ޾ָ,   ġ  ް ּ.""",  ּ.,,
entailment,׶ ׳  񰣺 ̶  ޾Ҽ.,ȯ ٸ  .,,
contradiction,׶ ׺ ¦   η ŷ ܹ޾Ҽ.,ȯڴ   η  .,,
neutral,׶  ڴ    ̶   ޾Ҽ.,ȯ  ˻  ̶.,,
entailment,׳ Ϸ翡 Ͽ ټ         Ʋ   ޾ Ŷ ߼.,ȯ ޼  ̰ ּ.,,
contradiction,  Ϸ翡 Ƶ ټ       縦 μ   ޾ٰ ߼.,ȯ   ̶.,,
neutral,  Ʋ   Ϸ糭 Ƶ ټ       ٰ  㿴.,ȯ 忰 ΰ ּ.,,
entailment," ڷ ȥ   㸮  ޾ ּ,  ̳      .",ȯ Ű溴  ް ּ.,,
contradiction," ڷκ  縧 㸮  Ž  γ ޾  ּ,   ų  ¤    .",ȯ     .,,
neutral," ڷ  縧   㸮  ޾ ,   ̳        .",ȯ 㸮 ༺ ȭ ̰ ּ.,,
entailment,˼Ͽٸ     ӼٽŰ  ʿ  ٽ ȥ ˷ֹ .,ұĢ  ٴ  ٰ ߼.,,
contradiction,"̾Ͽٸ    Լ, ٽ   Էֹ .",ұĢ  ڵ  Ҹ .,,
neutral,"̾      Լ, ٽ   Ȯְ .",ɹ漼  ּ.,,
entailment,"ü,   : [**˷ ȯ **] PE 30̶ ProMod PG  ޽ Լ   Ե  ð ּ.",ȯ    Ծ ̰ ּ.,,
contradiction,"ü,  : [**˷ ȯ **] PE 30̶ ProMod PG   ü ޽  ߵ Ե Ͽ  Ұ ּ.",ȯ ü  ּ.,,
neutral,"ü,   : [**˷ ȯ **] PE 30̶ ProMod PG    ̸ Լ  ޾ְ Ե  þϼ.",ȯ GƩ ޷ ּ.,,
entailment,  (SBO)̶ κ   ̷ ּ.,   ּ.,,
contradiction,  (SBO)ϰ κ   ־., ȯ  .,,
neutral,  (SBO) κ     ּ.,    ּ.,,
entailment," 縧 Կ ,  縧    ˰ Ƽ.",ȯ  .,,
contradiction," 縧 Կ ,  縧    ˾Ӱ Ƽ.",ȯ  .,,
neutral," 縧 Կ ,    ˾Ҽ.",ȯ ũ  ηȼ.,,
entailment,ӽ ΰ    츣佺 ̷ܼ   η.,  ӽ    ɷȼ.,,
contradiction,ӽ 汤  ̶ 츣佺 ̷   η.,ӽ Ⱓ  .,,
neutral,ӽ ΰ   ޾ ܼ  ̷   .,и  Ƽ.,,
entailment,ܺ ǵ  gtt     83/30 η.,ȯ   ʿϿ.,,
contradiction,"ָ ,  ֻ ־ ߿    83/30 η ż.",ȯ   .,,
neutral,"ܺ Ž,  gtt  ִ  ׺  83/30 .",  ߾ηȼ.,,
entailment,ȯڴ    캸 ȥ    HD  η.,ȯ ü öηȼ.,,
contradiction,ȯڴ       HD  .,ȯڴ  .,,
neutral,ȯڴ        HD  Űη.,ȯ  ܺηȼ.,,
entailment,2987ؿ  ǳ   ִ      8.,ȯ   ξҼ.,,
contradiction,[**2987**]⿡ ǳ ͺ   ¦     ּ.,ȯ  Ű ˻  ̶.,,
neutral,[**2987**]⿡ ǳ ͻ ¦    ¿ 8.,ȯ  ȯ ΰ ּ.,,
entailment,[**2987**]⿡ Դ ǳ  ¦    ּ.,ȯ   ް ּ.,,
contradiction,[**2987**]⿡ ǳ ͽ       ּ.,ȯ  MRI  ̶.,,
neutral,"2987⿡ (CVA) ޾,  ſ ¦   Ž 8  ּ.",ȯ 浿ƿ ưȭ ּ.,,
entailment,ֺŰ溴 ּ.,ȯ չ   .,,
contradiction,ֺŰ溴  ּ.,ȯ ȴٸ  ̶.,,
neutral,ʽŰ溴  ּ.,ȯ 索 ΰ ּ.,,
entailment,   ߺ ɹ漼 ־ָ ɹڼ  ̽ʴ뼭 ʴ̾   ST ϰ  ̰ 䱸 ̶ ¼.,ȯ  ұĢ  ּ.,,
contradiction," 縧   ɹ漼 ־ٸ ɹڼ ̽ʴ뼭 ʴ뿴,  ST ϰ  伺  .",ȯڴ   .,,
neutral,"׺ űԷ  ɹ漼 ּٰ, ɹڼ 齺 鼭 ̷ ȮεǾ,   ST ϰ ̳ ̰ 伺  մϿ.",ȯ 󵿸 ȯ ּ.,,
entailment,2 索, Ҵ  ּ.,,
contradiction, 索,索  .,,
neutral, 索,  ּ.,,
entailment,"52 ȯڽŵ C ̶ ESLD(ܰ  ȯ)  ,  ظ Ͽ 㳭 [**Hospital3 36130**] Ϳ Կ㿴.", ȯ  ּ.,,
contradiction,"52 ȯں C ̶ ESLD(ܰ ȯ)  ̽ø,  ظ   [**Hospital3 36130**] Ϳ Կ߼.",  ̶.,,
neutral,B ̶ ESLD(ܰ ȯ)  մ   ȯڰ  ظ   [**Hospital3 36130**] Ϳ Կ߼.,ڿ  ̴  ּ.,,
entailment," 縧  CT Կ Ӽ,  ̾.",ȯ  CT  ̶.,,
contradiction," ں  CT ˻縦 ޾Ҽ,  ̾.",ȯ  Ἦ ּ.,,
neutral," 縧  Ƽ  ,  ̿.",ȯ   .,,
entailment,"ȯ Ǹ  0.8 cm2 , 뵿 Ǹ ǳ  з 35 mmHg.",ȯ 뵿  ΰ ּ.,,
contradiction,"ȯ Ǹ ̴ 0.8 cm2 㿩 Լ, 뵿 Ǹ ʸӷ  з 35 mmHg̾.",ȯ 뵿 Ǹ ̶.,,
neutral,"ȯں Ǹź  0.8 cm2 Ƽ, 뵿 Ǹź   35 mmHg.",ȯ TAVR ü  ſ.,,
entailment,"Կ   , ȯ ȥ̴ Ʒ谡   [**Hospital1 18**] [**Location (un) 614**] Լ, Ʒ ǿ         Ŷ , 걸̶   ־.",  Կ   ΰ  ޾.,,
contradiction,"Կ Ʋ  ȯڴ [**Hospital1 18**] [**Location (un) 614**] 鷷 Ʒ ̶ ȣ㿴, Ʒ ¦ Į 㳭   ̰ , , 걸ϰ  ־.",    .,,
neutral,"Կ   , ȯڴ [**Hospital1 18**] [**Location (un) 614**] 鷷  Ʒ  㿴, Ʒ  Į ô   ̰Ž  ޽ , ̶ پ ־.",    .,,
entailment,"  ǰ 500cc η,  ڿ Գ   ̶ ż    ޾Ҽ.",ȯ     ޾Ҽ.,,
contradiction," 縧  500cc Ҿη,  ڿ  縧Ƽ    ϰ ż     ̽ĵźη.",ȯ    ޾Ҽ.,,
neutral,"   500 Ҿη,  ڿ     ż      ޾Ҽ.",ȯ  ϰ   ּ.,,
entailment, ¿ ȯڴ ȥ ŷ .,ȯ   ޶ηȼ.,,
contradiction, ¼ ȯڴ 򰥷㳭 ŷ .,ȯ AAOx3 ¶.,,
neutral," ¼, ȯ ȥ ŷ Ƽ.",ȯ MMSE ̶.,,
entailment,"  ̳  ,  αٰŸ, ,     ָ,    㿩 װ  Ƽ, Գ    峪 ſ Ͽ  밳 ħ뿡  ְų ɾ ְų ü Ÿ  ּ.",ȯ ַ ɾƼ ȰϿ.,,
contradiction,"   ų   ,  αٰŸ,  ,      ָ, ٸ    㳭 ̰ Ȯ  㿩 ְ,    Կ ſ  Ͽ η κ ð ħ  ɾƽù, ƴϹ ü Ÿ  ռ.",ȯ   .,,
neutral,"״  ų  ,  αٰŸ,  , ƴϹ    ź Ŵ  ְԸ, ٵ     , Ͽ ð ħ뿡  ä ɾƽ ä,    Կ μ ü  ҾϽó ü ɾ   Ͽϴ  ¤ Ͽ.",ȯ ̿.,,
entailment,Ѽ ľ,ȯ FEV1 ġ ηȼ.,,
contradiction,İ    ,ȯ   ˻  ̶.,,
neutral,İ   Ǫ ̿.,ȯ  CT  ̶.,,
